cadence,x,y
,-1,-1
95498,-0.0724844319656,0.045304927566
95499,-0.0603837099737,0.0500824773851
95500,-0.0651314187323,0.0485643479907
95501,1.01002946156,1.96534371502
95502,1.00519023933,1.97251087326
95503,1.00001777706,1.96233221096
95504,0.994566484492,1.9601958211
95505,0.992904153076,1.9568698609
95506,0.992829590755,1.95739164803
95507,0.99207634756,1.95312307078
95508,0.983792931318,1.95117718582
95509,0.981841548034,1.95586823831
95510,0.980547087239,1.95122901325
95511,0.981252901346,1.9496534659
95512,0.970942352171,1.95842963835
95513,0.977645474095,1.9488137577
95514,0.975735121893,1.94784102099
95515,0.973067847116,1.94692580388
95516,0.968313743779,1.94390311931
95517,0.967199624936,1.93898318921
95518,0.964935543344,1.92888302468
95519,0.962357144717,1.93089565571
95520,0.956360842517,1.93204296953
95521,0.945174895603,1.929383639
95522,0.934193770686,1.93178403838
95523,0.93091088882,1.9253572541
95524,0.931669516643,1.92714717146
95525,0.927213180069,1.92294533033
95526,0.919766818343,1.92104370989
95527,0.907956330563,1.92704422003
95528,0.916900581406,1.92001489689
95529,0.91068915143,1.90510175322
95530,0.899731776805,1.9036648021
95531,0.893444226161,1.90447495677
95532,0.886279113736,1.90467821258
95533,0.890544936278,1.8977941923
95534,0.875075943026,1.89732199292
95535,0.869962740245,1.89753316768
95536,0.870916776005,1.89719252239
95537,0.871819372997,1.89069042421
95538,0.868455649561,1.89271202238
95539,0.864713041962,1.88975209704
95540,0.856994207813,1.89016474235
95541,0.856169560224,1.89190579196
95542,0.852713670775,1.89056741229
95543,0.851251214221,1.8923845705
95544,0.84729302845,1.88900631913
95546,0.817799232813,1.76103858202
95547,0.491633648609,4.0000001821
95548,0.493359700146,3.87136636525
95549,0.493985181012,3.87045758352
95550,0.493667783037,3.87180738996
95551,0.493613992941,3.87118086366
95552,0.493697574546,3.87111970528
95553,0.493715638265,3.87119359587
95554,0.515667177014,4.40083619091
95555,0.516464035473,4.39789680362
95556,0.517286157288,4.39950854113
95557,0.516988899417,4.39860313317
95558,0.51721792396,4.39932408831
95559,0.516668462086,4.39935746868
95560,0.516896596498,4.39990621678
95561,0.516344331868,4.39920167922
95562,0.515837562409,4.39891475861
95563,0.517016311083,4.40024989334
95564,0.51623772286,4.39966026671
95565,0.516026303051,4.39919458789
95566,0.51647410072,4.40018450819
95567,0.516025098254,4.39893757783
95568,0.515810771516,4.39874808318
95569,0.516181175225,4.39900863239
95570,0.516104803205,4.39824438293
95571,0.515656937415,4.39725467644
95572,0.514685560184,4.39574187626
95573,0.515376006012,4.39744117704
95574,0.515218857472,4.39757951896
95575,0.51493650463,4.39675862763
95576,0.515366818137,4.39761871263
95577,0.514352875651,4.39638529057
95578,0.514328805155,4.3960017937
95579,0.515935111499,4.39801244171
95580,0.514698578722,4.39555379204
95581,0.513702609284,4.39350470162
95582,0.514586440205,4.39514356228
95583,0.513926920776,4.39376716813
95584,0.513578195768,4.39310972963
95585,0.51345730869,4.39185262019
95586,0.513523800187,4.39193742145
95587,0.512612944876,4.3898244445
95588,0.513032983122,4.39237708453
95589,0.513373092039,4.39319244621
95591,0.516766105225,4.40441377317
95592,0.516888148957,4.40462546416
95593,0.516632888489,4.40411989952
95594,0.517235325169,4.405646144
95595,0.515750070046,4.40308731928
95596,0.516393884394,4.40405852903
95597,0.514300842751,4.40138055173
95598,0.515780878824,4.40330270468
95599,0.516631130039,4.40420085261
95600,0.515768586682,4.40334082071
95601,0.516184536038,4.40328200513
95602,0.516548217984,4.40405408627
95603,0.516351260902,4.40363487606
95604,0.515119554073,4.40215156866
95605,0.514807648179,4.40108838666
95606,0.514885708774,4.40137935792
95607,0.51401901474,4.40035279763
95608,0.514780782429,4.40049486777
95609,0.513443137643,4.39898764327
95610,0.513522886119,4.3988071375
95611,0.514946552958,4.40105924712
95612,0.515513932876,4.40177826297
95613,0.515291488541,4.40150987743
95614,0.514075084921,4.39949718754
95615,0.513981672755,4.39970657569
95616,0.514225691084,4.39959987317
95617,0.513666736809,4.39839596782
95618,0.512595874323,4.39661960179
95619,0.513850914815,4.39880314923
95620,0.513281583864,4.39761072658
95621,0.513061332825,4.39577850108
95622,0.511900596399,4.39336317623
95623,0.51236310604,4.39396393868
95624,0.512486708987,4.39376768402
95625,0.511559686921,4.39076913922
95626,0.511236156999,4.38969710749
95627,0.511541982071,4.38900688434
95628,0.512500176112,4.38882648616
95629,0.511177558413,4.38535664186
95630,0.511093942177,4.38356170504
95631,0.511625568756,4.3844571349
95632,0.5120262428,4.38485233594
95633,0.511043309606,4.38259805791
95634,0.511116366836,4.38271921234
95635,0.510941009753,4.38154669902
95636,0.512393555096,4.38298526964
95637,0.512761527857,4.3811081843
95638,0.512745461461,4.37979087976
95639,0.513080037443,4.37976350317
95640,0.512305814448,4.37699141086
95641,0.512080542654,4.37468262439
95642,0.512914923536,4.37546423461
95643,0.511890948712,4.37049352089
95644,0.51307765642,4.37218352843
95645,0.513755359203,4.37279890304
95646,0.51318473489,4.3698940615
95647,0.513140734177,4.3671928553
95648,0.513232302468,4.36723430355
95649,0.514080316237,4.36701144804
95650,0.515048725067,4.36693175378
95651,0.515400379022,4.3661931216
95652,0.515607257084,4.36577044871
95653,0.515606208351,4.36393897328
95654,0.515230024017,4.3615784437
95655,0.515565126585,4.36127973599
95656,0.515095847372,4.35701775487
95657,0.515431651242,4.35774265067
95658,0.516111026556,4.35835504116
95659,0.516916395935,4.35830049843
95660,0.516691736154,4.35431848412
95661,0.516969239956,4.35311695429
95662,0.515316588111,4.39892774764
95663,0.513754737395,4.40052186735
95664,0.514539861755,4.40188475042
95665,0.513916848492,4.40029545429
95666,0.513590121396,4.39961088787
95667,0.514201264801,4.40070740123
95668,0.5142756258,4.40043794545
95669,0.51297829542,4.3986699555
95670,0.514036960256,4.40001885928
95671,0.514348825653,4.39994487562
95672,0.513893884616,4.39933401541
95673,0.513453794246,4.39868849764
95674,0.512921142175,4.39748247121
95675,0.512479569325,4.39684109331
95676,0.513902007209,4.39918488716
95677,0.51262979181,4.39676696832
95678,0.512412748187,4.39553256533
95679,0.512735224255,4.39521555823
95681,0.511393044371,4.39226746324
95682,0.511139919288,4.39044534508
95683,0.510510064472,4.38804026171
95706,0.511998179904,4.37063884937
95707,0.512767758771,4.3704258579
95708,0.512679603475,4.36792154656
95709,0.513591198074,4.36923249771
95710,0.514051659947,4.3683824379
95711,0.513839107462,4.36829070242
95715,0.514687940562,4.3626022815
95716,0.513892499072,4.35979377674
95717,0.514435131899,4.358655709
95718,0.515955244358,4.36270702603
95719,0.51517975899,4.35929257763
95720,0.515538083615,4.3589332771
95721,0.515468887301,4.35693154229
95722,0.512321948846,4.39095388732
95723,0.511851154553,4.39550501909
95724,0.511312027568,4.39374588664
95725,0.510441196081,4.39208194149
95726,0.511483487803,4.39366868208
95727,0.511561887637,4.39312258952
95728,0.511437359319,4.39176700226
95729,0.50974338322,4.38823186493
95730,0.510305812805,4.38876167497
95731,0.509282377947,4.38630873474
95732,0.510230065086,4.38809502041
95733,0.509657364766,4.38637687843
95734,0.509623768397,4.38495938949
95735,0.510589985082,4.38635907785
95736,0.510315077475,4.38508582255
95737,0.509998747996,4.38313172144
95738,0.510494484013,4.38152184624
95739,0.509815672301,4.37794248543
95740,0.510012913064,4.37821537001
95741,0.509910233251,4.37578122828
95742,0.511614020716,4.37751869196
95743,0.511860627361,4.37587049325
95744,0.511900360073,4.37524143323
95745,0.511438070226,4.37188283498
95746,0.511507353622,4.37003588912
95747,0.511725082349,4.36910567613
95748,0.511902213595,4.36625189113
95749,0.512408326209,4.36759569062
95750,0.512871949715,4.3654995694
95751,0.513494256998,4.36475343657
95752,0.513087622962,4.36249835937
95753,0.512877712158,4.36153816979
95754,0.513506667871,4.36129257572
95755,0.514244601247,4.35793832564
95756,0.515047058149,4.35788378812
95757,0.515548591012,4.35602042008
95758,0.513508844285,4.38710898466
95759,0.511854688598,4.39593215141
95760,0.512165536422,4.39632925965
95761,0.511043736366,4.39369624175
95762,0.511466678814,4.39431052654
95763,0.511447934058,4.39424760724
95764,0.511094463134,4.39252510499
95765,0.511473156495,4.3937349077
95766,0.510590008454,4.39151080433
95767,0.51084549655,4.39052447915
95768,0.509751938572,4.38768769008
95769,0.509629238298,4.38528399934
95770,0.509859574765,4.38382671579
95771,0.509941112891,4.38180235264
95772,0.51023762856,4.37998084784
95773,0.510168038754,4.37593839928
95774,0.510630453008,4.37383977018
95775,0.511621991626,4.37327875516
95776,0.511301832129,4.36971726413
95777,0.511931422478,4.36786352247
95778,0.511903083802,4.36283570131
95779,0.51256021699,4.36151202093
95780,0.5142357355,4.36277075713
95781,0.51444384322,4.36039680552
95783,0.509977762178,4.37019419836
95784,0.512262414444,4.36676973955
95785,0.511661674769,4.36367273677
95786,0.513040937259,4.36394035144
95787,0.513085493415,4.35985401231
95788,0.514072663511,4.3631412347
95789,0.51433252665,4.36058381647
95790,0.514101528853,4.35647921325
95791,0.514254888682,4.35339562811
95792,0.514741426229,4.35396236808
95793,0.515820069453,4.35512251097
95794,0.512124491226,4.38568727154
95795,0.511147230453,4.39255659999
95796,0.51049398228,4.38990648836
95797,0.509947723864,4.38880702883
95798,0.510037699516,4.38812558894
95799,0.509633652896,4.38653239805
95800,0.508982339081,4.38388592093
95801,0.509297538057,4.38392168838
95802,0.509408976751,4.38213803224
95803,0.508646470741,4.37832440392
95804,0.509649873508,4.37909635955
95805,0.511627735363,4.38150749264
95806,0.510446853528,4.37645464816
95807,0.510568549395,4.37262604476
95808,0.510916268401,4.3704200482
95809,0.510862988629,4.36895534526
95810,0.510792519329,4.36483489755
95811,0.512321951299,4.36544876006
95812,0.513659668705,4.3635215444
95813,0.514792106317,4.3599940994
95814,0.51411542514,4.35698564795
95815,0.515071098433,4.35611411907
95816,0.515330739833,4.35604104208
95817,0.515812502674,4.35427905359
95818,0.51124904921,4.38710562997
95819,0.509852124997,4.39027694435
95820,0.510762021059,4.39035514644
95821,0.510102656627,4.3866346056
95822,0.509369394107,4.38259216409
95823,0.509355566664,4.37972411359
95824,0.509424567948,4.37787385509
95825,0.509808732157,4.37650014587
95826,0.510697089518,4.37384896819
95827,0.511143650409,4.37202918594
95828,0.511433412682,4.37122685495
95829,0.511397441039,4.36769092883
95830,0.512259699058,4.36866435858
95831,0.512376061969,4.36560284134
95832,0.512076320693,4.3620139872
95833,0.512677231821,4.36184129921
95834,0.513968678331,4.35868270033
95835,0.51459004494,4.3579885399
95836,0.514662268566,4.35579456064
95837,0.514954615812,4.35189606993
95838,0.51491224214,4.34930035993
95839,0.51611966285,4.34898307812
95840,0.517273180952,4.34704870464
95841,0.517389447981,4.34357150315
95843,0.509531940604,4.38592231336
95844,0.510143762062,4.38503280986
95845,0.50895990705,4.38026051779
95846,0.509153412277,4.37900942673
95847,0.510541755536,4.37798564097
95848,0.510783178258,4.37579371055
95849,0.510849088342,4.37445640998
95850,0.510832659957,4.37263815307
95851,0.51155042641,4.37101990969
95852,0.511377462515,4.36648804111
95853,0.511873071996,4.36595352621
95854,0.512536768288,4.36410159763
95855,0.512888123015,4.36093212342
95856,0.513504701421,4.35906117747
95857,0.513807959597,4.35765828202
95858,0.514780991848,4.3562306571
95859,0.515455254535,4.35353990079
95860,0.515585901488,4.3496998136
95861,0.51625358699,4.34643870619
95862,0.516372107855,4.34266496401
95863,0.516886338819,4.34075917729
95864,0.517570460461,4.33923924627
95865,0.518313736257,4.33669531476
95866,0.511183999873,4.37651750568
95867,0.510368226144,4.38185226545
95868,0.509665044155,4.37639107095
95869,0.509873325022,4.37565788119
95870,0.510389415577,4.371767106
95871,0.511121819078,4.37214410243
95872,0.510716518495,4.36801231133
95873,0.51201243525,4.36882593888
95874,0.512117320972,4.36526253391
95875,0.513085988135,4.36543047994
95876,0.512816526604,4.35988213266
95877,0.513072582806,4.35837728257
95880,0.512298743326,4.39771684438
95881,0.511818818805,4.39640454103
95882,0.511832002872,4.39565256847
95883,0.511008527703,4.39402713999
95884,0.511315289227,4.39438271154
95885,0.510471553094,4.39246505814
95886,0.510368489254,4.39214421114
95887,0.509502759978,4.39037603435
95888,0.509493056458,4.38938558839
95889,0.510127898712,4.38973624926
95890,0.51075811529,4.39159159787
95891,0.511238519095,4.3914426694
95892,0.511144532926,4.38841258552
95893,0.510399480411,4.38547734924
95894,0.509975086614,4.38231110608
95895,0.50911829578,4.37949282388
95896,0.509990400907,4.37907844159
95897,0.51014567215,4.37618958205
95898,0.510396071627,4.37413244522
95899,0.510358226181,4.37176312144
95900,0.511134940457,4.37241108693
95901,0.511166933199,4.36955322819
95902,0.511040243459,4.36853021423
95903,0.51134480722,4.36483453576
95904,0.511924576,4.36080159907
95905,0.511769756199,4.36117946432
95906,0.513477575322,4.36416609088
95907,0.513650805014,4.36047459
95908,0.514678858932,4.36107382087
95909,0.515816127704,4.36126302555
95910,0.515367425123,4.35781923863
95911,0.515508362924,4.35404014695
95912,0.51515819581,4.35188636461
95913,0.515746302594,4.35066916149
95914,0.512838558724,4.39065889649
95915,0.511246767428,4.39462130068
95916,0.511264992035,4.39367074096
95917,0.511049430914,4.39243961932
95918,0.512176274885,4.39363946966
95919,0.509958681712,4.3885532668
95920,0.509956667156,4.38782208964
95921,0.50957481361,4.38586429684
95922,0.509393196024,4.38346818865
95923,0.508951391861,4.3801125783
95924,0.510905649019,4.38166275921
95925,0.510734650415,4.38004423004
95926,0.510927180461,4.37720282035
95927,0.510015231703,4.373355956
95928,0.510681923851,4.37046374169
95929,0.511741309494,4.36916889258
95930,0.0164264841442,-0.00219132805726
95931,0.0285129832523,0.0124816908549
95932,0.0438816259824,0.00316609572523
95933,0.0704058534015,0.0307398560409
95934,0.0728692052868,0.0430441833289
95935,0.090249473163,0.0503464630485
95936,0.104291817624,0.0807731146294
95937,0.114912395322,0.0952979631643
95938,-0.0715769238985,-0.0530732087253
95939,-0.0578863526272,-0.0797980710611
95940,-0.0338949224366,-0.0549166587988
95941,-0.012847049984,-0.0417333639726
95942,-0.00360336447557,-0.0236778715575
95943,0.00802371281598,0.00155123466813
95944,0.0325751525656,0.0143822825843
95945,0.0563420797093,0.0233194216901
95946,0.0706607591264,0.0317402699804
95947,0.0848801514851,0.0627612784997
95948,0.0958948396935,0.0744941219454
95949,0.120531321492,0.0903966095727
95950,-0.092978315599,-0.0652042227631
95951,-0.166251244496,-0.115398295969
95952,-0.146639286924,-0.110732094791
95953,-0.12340449641,-0.100200386317
95954,-0.0982119563512,-0.0864482239059
95955,-0.0778859763954,-0.0704921407069
95956,-0.0582935918755,-0.0397255210782
95957,-0.0386393460125,-0.0340186449557
95958,0.00393338825971,-0.0279713241895
95959,0.0142474150245,-0.00839997277397
95960,0.0337199514907,0.00835119686993
95961,0.0484634808281,0.0170842171218
95962,0.061997934423,0.039078619269
95963,0.0768057648913,0.0488050001227
95964,0.0999798749004,0.0695332434045
95965,0.115834084477,0.078934050036
95966,0.141363043519,0.112462127289
95967,0.157079711497,0.128428446686
95968,0.177830497434,0.153363702723
95969,0.204132902999,0.183212974966
95970,0.219221143992,0.196154663976
95971,0.237921456415,0.225310673109
95972,0.252675064962,0.238795447976
95973,0.27003796392,0.268967903796
95976,-0.224441018946,-0.137292140429
95977,-0.206918229719,-0.131925729229
95978,-0.184995735813,-0.126984730783
95979,-0.175828602731,-0.117692472626
95980,-0.14080122307,-0.121949854159
95981,-0.118807195349,-0.108421481248
95982,-0.101078476263,-0.0933274903671
95983,-0.10859889499,-0.0765690279763
95984,-0.0851826568324,-0.075384595565
95985,-0.0668644803712,-0.0524822365529
95986,-0.0534536407522,-0.0425014564102
95987,-0.0273907640306,-0.0494213947517
95988,-0.0155241407714,-0.0244728493342
95989,-0.00182955704922,-0.0178953585497
95990,0.0190905233765,0.014319491634
95991,0.0441320792657,0.0249318221509
95992,0.0537269914526,0.0502455840303
95993,0.0749476093459,0.0417868464672
95994,0.088717986922,0.0454603728267
95995,0.102735671481,0.0705654195006
95996,0.121195728119,0.0762028150035
95997,0.14244981523,0.0852392481093
95998,-0.188028817714,-0.1220186736
95999,-0.198785379255,-0.138073813352
96000,-0.184678508934,-0.11745564982
96001,-0.162318768582,-0.108711408498
96002,-0.140540270449,-0.0999543586343
96003,-0.122629303553,-0.0813134750249
96004,-0.0749501640421,-0.0926239138252
96005,-0.0618010648495,-0.0592498093945
96006,-0.0484940437693,-0.0532115683885
96007,-0.0227688873768,-0.0338685420045
96008,-0.00278619683869,-0.025829584314
96009,0.0111220245224,-0.0103468324899
96010,0.0241128688941,0.0190096901046
96011,0.0494181371116,0.0199888956544
96012,0.0662415657735,0.0172036568468
96013,0.0823875973642,0.0289038468576
96014,0.0898335764909,0.0668547224853
96015,0.10708923304,0.0724687164261
96016,0.124449373512,0.0940232653957
96017,0.139075751151,0.110973751657
96018,0.15055517383,0.131219952815
96019,0.181794563822,0.13415993797
96020,0.189769039462,0.173840442536
96021,0.216118124991,0.190836336164
96022,-0.042767253273,-0.02818486318
96023,-0.0578365272335,-0.0392913537217
96024,-0.0321061288972,-0.0318997733016
96025,0.00909325002114,-0.03467049421
96026,0.0313970152783,-0.00823511027881
96027,0.0471281917116,0.00475291715667
96028,0.058260426376,0.0289169225001
96029,0.0689530200652,0.0408135741488
96030,0.0873913345405,0.0685711508498
96031,0.0957130464937,0.0763421229548
96032,0.1115485402,0.0738806456145
96033,0.121390649546,0.0864961808094
96034,-0.195438219017,-0.102505730248
96035,-0.274539886707,-0.154590866917
96036,-0.243266801929,-0.149165282137
96037,-0.21103487432,-0.137736599941
96038,-0.188379590466,-0.131913347652
96039,-0.151657616646,-0.113615235847
96040,-0.143396506432,-0.105133099346
96041,-0.119890116815,-0.0813459462277
96042,-0.100381556096,-0.0740105370393
96043,-0.0843200729493,-0.0665861361227
96044,-0.0582417119505,-0.0644020341617
96045,-0.0562242369691,-0.0656977094798
96046,-0.0478024044405,-0.0487215059898
96047,-0.0395065639441,-0.0461797965245
96048,-0.0356851255764,-0.0356248874251
96049,-0.0191643890144,-0.0267128380858
96050,-0.00248942189662,-0.0244026873466
96051,0.0167143385376,0.00440112648112
96052,0.0257566487831,0.000489539361523
96053,0.0322166486178,0.0109315075622
96054,0.0407820471858,0.0192554283322
96055,0.0558035145554,0.0189727016383
96056,0.0609804499751,0.034936173248
96057,0.070216350435,0.0449631587508
96058,0.0688779168791,0.0497387534316
96059,0.0762097927773,0.049119262669
96060,0.0897753736984,0.0529889616914
96061,0.0988186794485,0.0773789196931
96062,0.105733432376,0.0676551399447
96063,0.122734239644,0.0919182768413
96064,0.128538426897,0.106400145366
96065,0.139937323656,0.111266190497
96066,0.14751621137,0.122162920915
96067,0.172101841921,0.143280983966
96068,0.191284893362,0.165328654641
96069,0.209877202865,0.192532222613
96071,-0.211335692416,-0.116835448688
96072,-0.228656703749,-0.142515489446
96073,-0.198982419379,-0.118449624998
96074,-0.176602798947,-0.108668178697
96075,-0.143703445767,-0.106760750247
96076,-0.129331336291,-0.0948799339751
96077,-0.114033009682,-0.0840386822804
96078,-0.0885941312051,-0.0666723188591
96079,-0.0700518864372,-0.0566950709379
96080,-0.0566731242883,-0.0359139505786
96081,-0.0197574351808,-0.0321523801268
96082,-0.00753252976211,-0.0267332830655
96083,0.0201969991882,-0.0176371198018
96084,0.0456181067064,-0.00117184889316
96085,0.061130093004,0.0179035810557
96086,0.0736221424784,0.0324990289985
96087,0.0813369485471,0.0561480279237
96088,0.0971048361885,0.0681684464167
96089,0.114975097336,0.0914851681666
96090,0.134043111751,0.113170053025
96091,0.142816201509,0.128839212315
96092,0.16516185616,0.13671847993
96093,0.182374880573,0.141643171496
96094,-0.134171597434,-0.0838296147574
96095,-0.125647403403,-0.0939762917446
96096,-0.114864137868,-0.0901082822494
96097,-0.0971569049946,-0.0749375881464
96098,-0.0613044438659,-0.0674513180948
96099,-0.0331028341552,-0.056651670282
96100,-0.0159108565777,-0.0433032890368
96101,0.000556202919094,-0.0113363734774
96102,0.0212601445832,-0.00400727398444
96103,0.0366379191614,0.0138089294865
96104,0.0561482473713,0.0321992005071
96105,0.0632364764233,0.0410912240114
96106,-0.239312481737,-0.146582468171
96107,-0.263779394556,-0.160665202731
96108,-0.246251598707,-0.152419945549
96109,-0.225091980015,-0.134790824637
96110,-0.212899879688,-0.133061154515
96111,-0.199078687059,-0.118412505612
96112,-0.17566084743,-0.129490518192
96113,-0.139731549007,-0.116535223103
96114,-0.119463584979,-0.107996945329
96115,-0.0965113116327,-0.0919487664746
96116,-0.0744330292379,-0.0675245202386
96117,-0.0580118288079,-0.0493144589143
96118,-0.0295483463575,-0.0443308636258
96119,-0.016048768258,-0.0258586053876
96120,0.0100078257821,-0.0114502765779
96121,0.0179249392548,0.000131366839779
96122,0.0347551147655,0.0253147173726
96123,0.054427701586,0.0270092712165
96124,0.0750002864905,0.0296800923314
96125,0.0887917192494,0.0553061908172
96126,0.102909931763,0.0699218830014
96127,0.112082192391,0.0751211899021
96128,0.13117278745,0.093192863724
96129,0.135974786136,0.132106415647
96131,-0.183493125615,-0.13155969336
96132,-0.170287882597,-0.110379079696
96133,-0.144142686199,-0.110295152875
96134,-0.131867584788,-0.0936924670216
96135,-0.111851723631,-0.0911658694158
96136,-0.0869427255416,-0.0861220999591
96137,-0.0749002600634,-0.0681017863877
96138,-0.0506909215635,-0.0505094809876
96139,-0.0355442918679,-0.042458962972
96140,-0.0120113647818,-0.0148952898521
96141,0.0215768225874,-0.0122604823571
96142,0.0403586496879,0.0147307575251
96143,0.0592969047693,0.0382232909717
96144,0.0790789061205,0.064748330288
96145,0.105861339226,0.0866400774978
96146,0.12383201581,0.0829009375282
96147,0.13931264575,0.106028036602
96148,0.150722733798,0.121014834341
96149,0.164004453058,0.142267345004
96150,0.179474399112,0.16634378391
96151,0.196786357554,0.182914984533
96152,0.206919792884,0.20368327666
96153,0.217090720056,0.199174674199
96154,-0.157690054274,-0.0966964332967
96155,-0.170712525824,-0.121711724321
96156,-0.142278721795,-0.0953850389625
96157,-0.124155555618,-0.0928587481397
96158,-0.0908172009485,-0.0737861867905
96159,-0.0608968677511,-0.0615506095707
96160,-0.0319609333225,-0.0465986405137
96161,-0.0150583542108,-0.0210874641054
96162,0.0157408821386,0.00259335358175
96163,0.0320622113057,0.0139230738344
96164,0.0650818776644,0.0314089017947
96165,0.0908024305052,0.0650539971923
96167,-0.0386261379761,-0.0670158490782
96168,-0.0281664997574,-0.0223140878705
96169,-0.0106573536879,-0.0178113367859
96170,0.00386251688631,-0.000221119817998
96171,0.0206354844765,0.00748751334335
96172,0.041538892623,0.0185724371906
96173,0.0563836935192,0.0281211672799
96174,0.0636142215325,0.0388764873182
96175,0.0739231264665,0.052817213051
96176,0.0868413681306,0.0715094185128
96177,0.0942283325254,0.0879565882659
96178,-0.188123364991,-0.105922199367
96179,-0.227028371321,-0.148969314125
96180,-0.206044663151,-0.138803951809
96181,-0.181090186626,-0.140430504361
96182,-0.158403924968,-0.142153934979
96183,-0.145705505922,-0.108994696444
96184,-0.127026845745,-0.0929931096745
96185,-0.122811061334,-0.0947282584172
96186,-0.102637874442,-0.084534127146
96187,-0.0951421352464,-0.073308495572
96188,-0.0719376041868,-0.0602882737026
96189,-0.0304010412958,-0.0598323492023
96190,-0.0156041519672,-0.0330973280562
96191,-0.00932095083414,-0.0271886285245
96192,0.0129613243486,-0.0180984096783
96193,0.0218420108591,0.00720323655794
96194,0.0308134660417,0.0201601051437
96195,0.0619750883821,0.0148559649671
96196,0.0787551948163,0.0342819115963
96197,0.0808599769913,0.0600112248058
96198,0.0943170631279,0.0606677807169
96199,0.105624911402,0.0783207936418
96200,0.121504000992,0.0980333440011
96201,0.133906071954,0.11511339289
96202,-0.130042463455,-0.0960961334164
96203,-0.146958382782,-0.110877718756
96204,-0.124623948106,-0.0953421907518
96205,-0.0895677445105,-0.0784666704203
96206,-0.0763720378682,-0.0538523876277
96207,-0.0434230598028,-0.0439645390523
96208,-0.00757086590279,-0.0487683748024
96209,0.00584288419702,-0.0224207876227
96210,0.0234877517422,-0.0058681955207
96211,0.0323000284177,0.000192503733329
96212,0.0486642128826,0.0244488611583
96213,0.0669955389234,0.0430296581236
96214,-0.229495221295,-0.136765956144
96215,-0.245413277778,-0.155573516004
96216,-0.218336816636,-0.137723854778
96217,-0.197825955246,-0.124738236449
96218,-0.16606904258,-0.113170614514
96219,-0.128506702941,-0.105881785744
96220,-0.101752928448,-0.105442124657
96221,-0.0724669948839,-0.0774937153656
96222,-0.047746987093,-0.0541314251033
96223,-0.0264485144332,-0.0406078257321
96224,-0.00981755737321,-0.00373100646309
96225,0.0160437127476,0.00794583294
96226,0.045243776623,0.00789819656701
96227,0.0547672432697,0.0187527026328
96228,0.0719941820694,0.0443415933521
96229,0.0875547011252,0.0619089779946
96230,0.103448319734,0.0806853774064
96231,0.123177490352,0.096376639725
96232,0.142849124445,0.118978031731
96233,0.160085066759,0.140311433258
96234,0.178923245383,0.157571604669
96235,0.199989240382,0.194055578939
96236,0.223799830739,0.211974854803
96237,0.238510238813,0.235113798451
96238,-0.159746593916,-0.0912661051908
96239,-0.174808775124,-0.117352627091
96240,-0.139069992881,-0.10770423681
96241,-0.118709213624,-0.0981127323193
96242,-0.0949068528818,-0.0875085942096
96243,-0.0710514611199,-0.066365492118
96244,-0.0422908885637,-0.0466080420897
96245,-0.0172474545755,-0.0234859396844
96246,0.0157629617944,-0.00610967163334
96247,0.0346830015424,0.0202119892095
96248,0.0645667583126,0.0363091494015
96249,0.0779922123626,0.0641280977836
96250,-0.241242569698,-0.12817562213
96251,-0.359327659814,-0.189897791802
96252,-0.328291391671,-0.178905154659
96253,-0.299080899508,-0.165153726962
96254,-0.264508788814,-0.161402648018
96255,-0.240307430706,-0.147301957494
96256,-0.211145926179,-0.143494447675
96257,-0.185674823858,-0.116562039716
96258,-0.140355348766,-0.105008286309
96259,-0.109085978693,-0.0861190783366
96260,-0.0777928580399,-0.0724305835356
96261,-0.0379373144564,-0.0467756268062
96263,-0.316376459493,-0.182647810651
96264,-0.288611188364,-0.166368133618
96265,-0.264529843402,-0.157639431936
96266,-0.246365026538,-0.141440716465
96267,-0.231566686758,-0.131606508059
96268,-0.201493395685,-0.126576113287
96269,-0.171142481058,-0.122291889003
96270,-0.14667943671,-0.110170632335
96271,-0.12561576944,-0.112055371922
96272,-0.0917911573118,-0.0967361277365
96273,-0.0700479676319,-0.0810643900132
96274,-0.0646521906322,-0.0624548215333
96275,-0.0389278001519,-0.0435584433526
96276,-0.0199900403595,-0.0282598379383
96277,-0.00509365186685,-0.013567639908
96278,0.0323425121733,-0.00498172287145
96279,0.0509917100342,0.0143183104029
96280,0.0648733777948,0.0428546060567
96281,0.0881982418966,0.0570602073006
96282,0.0917818872175,0.0769314840642
96283,0.112423096109,0.098232163786
96284,0.147034424425,0.134240567664
96285,0.174391422123,0.145873004355
96286,-0.107179331706,-0.0927611900933
96287,-0.124910319789,-0.100140277273
96288,-0.0873431604248,-0.0823643826673
96289,-0.0679541132047,-0.067353454962
96290,-0.0443011301542,-0.0460867103942
96291,-0.00939751194277,-0.0293264419715
96292,0.0205370866392,-0.010188882217
96293,0.0396603188648,0.0166948990283
96294,0.0628221456265,0.0382724250651
96295,0.0833495592598,0.0667071521121
96296,0.107657172887,0.0973739736792
96297,0.148219467205,0.113255531496
96298,-0.165021879259,-0.119748719865
96299,-0.17010268426,-0.127508126451
96300,-0.147821004593,-0.112293126947
96301,-0.117964633173,-0.101332324216
96302,-0.092186931896,-0.0740493365682
96303,-0.0696181031875,-0.0658897511523
96304,-0.0386611766493,-0.0607794613991
96305,-0.019733290979,-0.0274838757002
96306,-0.00360041038047,-0.0047912295814
96307,0.0232472508507,0.00748689040274
96308,0.0495151737555,0.0154214340562
96309,0.071813164792,0.0293670343068
96310,-0.243865700999,-0.146145786335
96311,-0.25539295537,-0.162131221004
96312,-0.227743148092,-0.149148731369
96313,-0.206911226634,-0.130151316958
96314,-0.174695541863,-0.112408148872
96315,-0.137479552627,-0.123082482256
96316,-0.115303017115,-0.1024034019
96317,-0.0795416267024,-0.0796518108381
96318,-0.0582062227937,-0.0490405382375
96319,-0.0235529244596,-0.0330986455136
96320,0.00305978697288,-0.0137335342984
96321,0.0258030809594,0.00756210152233
96322,0.0448244299504,0.0112657532461
96323,0.0632650026613,0.046426286688
96324,0.0942691263484,0.0626452952324
96325,0.113081985504,0.0830737604532
96326,0.138578277992,0.121394928414
96327,0.163671357386,0.151568353603
96328,0.184060588496,0.178523496672
96329,0.222188875717,0.206083109433
96330,0.238458212922,0.231615739933
96331,0.257374029422,0.252364491879
96332,0.27629712228,0.291880783168
96333,0.297527248641,0.310017884676
96334,-0.0780343943044,-0.0533182508052
96335,-0.100456181229,-0.0786142005023
96336,-0.0644426427708,-0.0670620793394
96337,-0.0302615424493,-0.0438441783706
96338,0.00872158639553,-0.0094196591954
96339,0.0314861710879,0.00967590634946
96340,0.0614789765991,0.0466248068236
96341,0.095560791262,0.0797297681353
96342,0.133316261017,0.099113039433
96343,0.155912242928,0.146154264365
96344,0.18818476213,0.170443715372
96345,0.208421935572,0.210103222144
96346,-0.253552991146,-0.143459070616
96347,-0.269795691102,-0.15940809652
96348,-0.22758003294,-0.134162738859
96349,-0.18655427006,-0.134518003747
96350,-0.145218843644,-0.114029933606
96351,-0.0969712148562,-0.0785751546213
96352,-0.0545260402046,-0.0404503927898
96353,-0.0123790885127,-0.0406811858369
96354,0.00936080883326,-0.00649431993023
96355,0.0388686400188,0.0236179955494
96356,0.0694983099372,0.0477351033222
96357,0.0900548000326,0.0629316235378
96360,-0.204727599311,-0.128180762724
96361,-0.178446142935,-0.12048801565
96362,-0.133324575581,-0.115017163902
96363,-0.114362020515,-0.0934654435183
96364,-0.0892897737344,-0.0708983542759
96365,-0.0609535498184,-0.0576576137981
96366,-0.0370806275522,-0.030338589531
96367,-0.0174545686396,-0.0217494655366
96368,-0.00303648185511,-0.00434048919373
96369,0.0371409692769,0.000923800097891
96370,-0.0628131454452,-0.0596665329628
96371,-0.240970685338,-0.178504430089
96372,-0.221269761268,-0.163828412529
96373,-0.207376650325,-0.135681337739
96374,-0.169140745078,-0.111898646489
96375,-0.145971245806,-0.10651124933
96376,-0.123061786331,-0.105264628409
96377,-0.107362915815,-0.0922426839696
96378,-0.0827833515159,-0.0935387338518
96379,-0.0694966894694,-0.0727202267155
96380,-0.0468561233045,-0.0556209777842
96381,-0.0288046091004,-0.02161706907
96382,-0.00887105208425,-0.00884806660053
96383,0.0196235225211,-0.0138960733923
96384,0.0425369516791,0.00669339055751
96385,0.0798764845878,0.0156995433492
96386,0.0971636811797,0.0629112649242
96387,0.116781006668,0.0702797016236
96388,0.129047087992,0.113313554927
96389,0.150854372924,0.13874103343
96390,0.172467454455,0.145614869586
96391,0.190289890347,0.19554516775
96392,0.225039506061,0.221879204997
96393,0.250124702238,0.220240191711
96394,-0.0245283846298,-0.0345377930293
96395,-0.0430350060134,-0.0522360451981
96396,-0.0125653434871,-0.0355095348285
96397,0.00870377731604,0.0109409127405
96398,0.0288470292186,0.0134892954626
96399,0.0702319974241,0.0293192506177
96400,0.0940492911531,0.0460320805469
96401,0.105255292071,0.0830789244201
96402,0.126599725622,0.105797326765
96403,0.138764977848,0.111252674211
96404,0.156566301783,0.147253398856
96405,0.178137887435,0.162131237785
96406,-0.0884734516686,-0.0808144914911
96407,-0.125618540492,-0.0951073008309
96408,-0.090438694827,-0.0778542181671
96409,-0.0772940323669,-0.0581282332749
96410,-0.0531690003623,-0.0505966911418
96411,-0.0163272599044,-0.0478993642545
96412,0.00125802346341,-0.0309167992783
96413,0.0164459703083,-0.0191472428393
96414,0.0285951972712,0.007099879767
96415,0.0419985960476,0.0191221104227
96416,0.0529126182814,0.0246694677569
96417,0.083324999384,0.0638093836079
96418,-0.237746679976,-0.122064758113
96419,-0.345574543169,-0.185644106164
96420,-0.334904701032,-0.183353582746
96421,-0.316136873087,-0.184723424746
96422,-0.303922886535,-0.184773580131
96423,-0.303390151894,-0.180453625185
96424,-0.275313476385,-0.170661005912
96425,-0.255331369083,-0.160756553669
96426,-0.25246726525,-0.145342052672
96427,-0.233171879494,-0.148463070659
96428,-0.206282101547,-0.154077120503
96429,-0.204392004341,-0.13909811274
96430,-0.186372713716,-0.132989182215
96431,-0.177989810922,-0.117799562266
96432,-0.147577205915,-0.117392867094
96433,-0.119970552498,-0.0945824275411
96434,-0.0954846670316,-0.0896281896927
96435,-0.0755603443485,-0.0803124349316
96436,-0.0585868023002,-0.0449915922599
96437,-0.0303838557068,-0.0508034742825
96438,-0.00864298258218,-0.0244883735563
96439,0.0206196229816,0.00669949883841
96440,0.0476517764089,0.0392116618784
96441,0.0738177539475,0.0496584770401
96442,0.0997415099055,0.0680482938597
96443,0.120233543554,0.0969756496531
96444,0.143329784953,0.137306558991
96445,0.175667212552,0.162257512844
96446,0.203882965213,0.195615565248
96447,0.234242327962,0.24083071939
96448,0.256632672069,0.267031228341
96449,0.295965225482,0.309083029632
96450,0.331803598138,0.355113155301
96451,0.371873547926,0.398741138412
96452,0.405955374188,0.445085672705
96453,0.433789844424,0.477335499816
96455,-0.0263740912557,-0.0295588349604
96456,0.0157492849126,-0.0188005217205
96457,0.0394271366891,0.000226490440586
96458,0.0618709832497,0.0101672299752
96459,0.0848899934473,0.0307646389581
96460,0.0921153935466,0.0567102842997
96461,0.104162838861,0.0980387327417
96462,0.128969555552,0.121316140157
96463,0.155627127419,0.144981460753
96464,0.173602795756,0.158495978704
96465,0.200761609653,0.179926524173
96466,-0.143986439238,-0.0899493939077
96467,-0.189074659653,-0.127935776925
96468,-0.183433121212,-0.100922751025
96469,-0.140261153759,-0.1099727226
96470,-0.108017396919,-0.0999532956402
96471,-0.0719801048313,-0.0655450240249
96472,-0.0508458346438,-0.0685797461324
96473,-0.0289040534685,-0.0694267854304
96474,-0.0151624930111,-0.0496595901341
96475,-0.0126865125649,-0.0227526407152
96476,0.00446050158925,-0.0179885171306
96477,0.0196785258332,0.0135431418298
96478,-0.107948530003,-0.0551387842037
96479,-0.374413808335,-0.199035079878
96480,-0.338692912273,-0.200466244125
96481,-0.334207315048,-0.188373919396
96482,-0.312552322079,-0.184607141627
96483,-0.305547140299,-0.170627808401
96484,-0.287543116755,-0.169274621212
96485,-0.252036114974,-0.164350445126
96486,-0.240407683094,-0.166289153443
96487,-0.219472078056,-0.147868717446
96488,-0.201870079776,-0.137552636681
96489,-0.168859656426,-0.131723398303
96490,-0.153719679995,-0.114658392746
96491,-0.13545378763,-0.109522300186
96492,-0.109812568,-0.0943777077999
96493,-0.0858959197031,-0.0878179340046
96494,-0.0736072693728,-0.0666638898933
96495,-0.0493683776244,-0.0555485239901
96496,-0.0292234715876,-0.0271297351036
96497,0.000739187526311,-0.024372390993
96498,0.0354478686147,-0.00880323566854
96499,0.0512581345345,0.00681533375693
96500,0.0691610109847,0.0416876281995
96501,0.0888045730967,0.0647861227107
96502,-0.272012745023,-0.155116460099
96503,-0.296710205801,-0.174301133234
96504,-0.267466020699,-0.163408989493
96505,-0.249515226294,-0.150874816136
96506,-0.23379601887,-0.149859868609
96507,-0.19411133204,-0.149992868312
96508,-0.181569428467,-0.13766683001
96509,-0.172153985968,-0.129078202714
96510,-0.152130492044,-0.124094886883
96511,-0.136205139995,-0.110508409183
96512,-0.125093407756,-0.0927385098326
96513,-0.092853775065,-0.0875205536765
96514,-0.0650154161922,-0.0736940136258
96515,-0.0408730451576,-0.0595666259823
96516,-0.0242405798014,-0.0309868371442
96517,-0.00228209754629,-0.0179034109761
96518,0.0232653072869,-0.00254112229577
96519,0.0450653555412,0.0183608765547
96520,0.0620164775687,0.0334647815362
96521,0.0764595828445,0.0651440456523
96522,0.104330625989,0.0701429999185
96523,0.11401387391,0.0906094108079
96524,0.130815616208,0.114668000791
96525,0.15264043325,0.150030805808
96526,-0.260924342584,-0.140699047403
96527,-0.26760727702,-0.17798637867
96528,-0.23111623712,-0.154175310036
96529,-0.207463438914,-0.142833690941
96530,-0.171596578428,-0.124382378239
96531,-0.130790028491,-0.102625763927
96532,-0.0934621365068,-0.086033014176
96533,-0.0643280839265,-0.058518831803
96534,-0.02307651601,-0.0397700735603
96535,0.00523213699297,-0.0193373568361
96536,0.0314596483657,0.00618725356049
96537,0.0571670892389,0.0336033699572
96538,0.0861191345132,0.0791230979923
96539,0.117739702335,0.0943533145617
96540,0.137006941897,0.118964810904
96541,0.163036682812,0.145546342693
96542,0.17984285428,0.179472498078
96543,0.209699320043,0.204751020672
96544,0.2354173692,0.238564065317
96545,0.26114872762,0.286140974391
96546,0.29319658579,0.290020052735
96547,0.318838807195,0.339060191692
96548,0.351002187414,0.396499137527
96549,0.380819013898,0.421350906672
96551,-0.215200076022,-0.150161065203
96552,-0.226523701923,-0.165898827677
96553,-0.230764239642,-0.155483753555
96554,-0.217872653035,-0.155218830188
96555,-0.190490281128,-0.12936185969
96556,-0.173112566564,-0.122783052399
96557,-0.144236216958,-0.107414599294
96558,-0.11179007052,-0.110962021763
96559,-0.101847858715,-0.094561441586
96560,-0.0828915573826,-0.0754986107126
96561,-0.0641577507422,-0.0596875322243
96562,-0.0524407683653,-0.0416407870203
96563,-0.0245605367094,-0.0470025763061
96564,-0.0102374697854,-0.0338062824071
96565,0.00406362192056,-0.0216749024874
96566,0.0324475811618,-0.0193776657739
96567,0.0419174539673,-0.0120904876726
96568,0.0441543406168,0.032678948354
96569,0.0637433314799,0.0394417813574
96570,0.073621142723,0.0552315654948
96571,0.0869776586423,0.084217942846
96572,0.104946728635,0.0739148505736
96573,0.127580836637,0.100655725275
96575,-0.285573860557,-0.179045436772
96576,-0.270390410841,-0.166888857022
96577,-0.254558667793,-0.155658978354
96578,-0.218497383615,-0.161153899734
96579,-0.192660521196,-0.151347142237
96580,-0.189929915427,-0.127921471005
96581,-0.180137670904,-0.131034828995
96582,-0.161415341456,-0.126693199171
96583,-0.153659207337,-0.118389543295
96584,-0.132312221301,-0.110657553308
96585,-0.104912337005,-0.0963643485323
96586,-0.0825966995232,-0.0884948032179
96587,-0.0628719306498,-0.0635860701435
96588,-0.0417014719826,-0.0493914967683
96589,-0.0213132372763,-0.0231514338414
96590,0.0174852004109,-0.0240777941658
96591,0.0410869611255,-0.00536062856463
96592,0.0567718700121,0.0254761433278
96593,0.0739115595864,0.050120764466
96594,0.0912000169839,0.0675002573298
96595,0.116250093518,0.100086607545
96596,0.136923473193,0.113128078964
96597,0.154215557935,0.146140991922
96599,-0.223300554283,-0.151887001739
96600,-0.190623816451,-0.142970883388
96601,-0.163632843363,-0.131801125936
96602,-0.142356337499,-0.127168956376
96603,-0.114161408923,-0.101207511019
96604,-0.093147234913,-0.0742979306942
96605,-0.0766611410354,-0.0610964669507
96606,-0.0467981841353,-0.0697238890818
96607,-0.0308758037725,-0.0439342560432
96608,-0.0154413489721,-0.038962225048
96609,0.00215654530481,-0.0139838699309
96610,0.0265486441328,0.000562233355712
96611,0.0446057545236,0.0173907751245
96612,0.0614551882105,0.0372938811628
96613,0.0750378260682,0.0513611054065
96614,0.0921642391972,0.0674977240251
96615,0.119534221147,0.102912558309
96616,0.131852791667,0.112862683521
96617,0.1491018684,0.141275739793
96618,0.165314655019,0.161945840113
96619,0.191558872187,0.174493862713
96620,0.213556352311,0.193618267483
96621,0.237783684942,0.240308902608
96622,-0.210515951192,-0.116653451108
96623,-0.224922880701,-0.146059239077
96624,-0.207507150004,-0.145491637752
96625,-0.175768349576,-0.126299131307
96626,-0.145159172097,-0.11691556825
96627,-0.109550511283,-0.101231716205
96628,-0.0899287020427,-0.0785013121053
96629,-0.0647969875659,-0.0750308918554
96630,-0.0457413503766,-0.042870238012
96631,-0.00555254869922,-0.0244996640624
96632,0.000264106605214,-0.0215722904571
96633,0.0259633521848,0.00510887707687
96634,0.0394804443496,0.0152407889505
96635,0.0586061117402,0.0441863474249
96636,0.0703313928332,0.0412274612633
96637,0.0882232366643,0.0665381543504
96638,0.101064707782,0.0821898180318
96639,0.118368941039,0.101301852961
96640,0.13507282791,0.127753869736
96641,0.169173281325,0.151975744648
96642,0.189102246905,0.192113790141
96643,0.203108432502,0.199873660129
96644,0.226226604946,0.227092932773
96645,0.247556471248,0.249129735614
96647,-0.142367897216,-0.116592152691
96648,-0.127199881939,-0.100252007799
96649,-0.10975542949,-0.0957153888022
96650,-0.0862708332865,-0.09795060446
96651,-0.0653764429042,-0.0776542682987
96652,-0.0513329853909,-0.0615416864969
96653,-0.0444676442073,-0.0512932557499
96654,-0.0340672724111,-0.0233558373261
96655,-0.00490048685754,-0.0258435259555
96656,0.00909934181411,-0.0168872963091
96657,0.0191771868158,-0.0122371280585
96658,0.0571939328573,-0.00267157245508
96659,0.0700776605382,0.0253326398034
96660,0.0773470704822,0.0600329649026
96661,0.0911900529618,0.0684626483045
96662,0.102233596912,0.0793614816555
96663,0.113498743578,0.0946421591685
96664,0.127009155097,0.116496779789
96665,0.144235660316,0.114146924669
96666,0.149303212626,0.139553887489
96667,0.162558294787,0.145402397851
96668,0.177351110042,0.172385467608
96669,0.197377529174,0.217893306721
96670,-0.193045994727,-0.132931192795
96671,-0.210086902567,-0.158367083877
96672,-0.193940359701,-0.138330861436
96673,-0.162490243864,-0.129054354798
96674,-0.140767909696,-0.111761801521
96675,-0.114267317145,-0.0936059324572
96676,-0.0822224139641,-0.0858700218922
96677,-0.0540904839432,-0.0713168148113
96678,-0.0392407909298,-0.0600629367119
96679,-0.0217398096274,-0.0290971469146
96680,-0.00333974799193,-0.0090722474799
96681,0.0124613969249,-0.00838232633754
96682,0.0443887514676,-0.00431736509853
96683,0.0672539950821,0.0177059490277
96684,0.0787092040166,0.0544080124146
96685,0.0976083586908,0.0698163698072
96686,0.116473303483,0.0994178383492
96687,0.139687688703,0.121155274654
96688,0.15408452391,0.137223560046
96689,0.167227217437,0.163411746419
96690,0.179947633453,0.177341936366
96691,0.220155974178,0.211071409877
96692,0.237812502712,0.230561233229
96693,0.248458786661,0.245794242404
96694,-0.0774403646228,-0.0717308438322
96695,-0.0898550824356,-0.0854929323651
96696,-0.0709318290873,-0.0673699943456
96697,-0.020191329889,-0.0466320570082
96698,-0.00227814796824,-0.031345788284
96699,0.0165231736305,-0.00587807519539
96700,0.0397385908946,0.0266013873745
96701,0.0626220484927,0.037733235218
96702,0.0879104027512,0.0572856212743
96703,0.112557298713,0.0878248743731
96704,0.13698380008,0.118295462644
96705,0.156984202378,0.147853606241
96706,-0.24926781,-0.149740212357
96707,-0.260389796755,-0.167722958705
96708,-0.227638936384,-0.149377631203
96709,-0.201088732414,-0.138111458359
96710,-0.164114777383,-0.127751385473
96711,-0.135063286659,-0.11441436178
96712,-0.110201790341,-0.102450332902
96713,-0.0805910910759,-0.0776485358866
96714,-0.0510610624193,-0.0594158113867
96715,-0.0334571421368,-0.0533868648781
96716,-0.0129710994115,-0.0270727217092
96717,0.0123423900269,-0.0132254090306
96718,0.0323522308471,0.00569014786526
96719,0.0515361873205,0.0231275348674
96720,0.0719219595786,0.0641182732675
96721,0.0890434238461,0.0710075192365
96722,0.11148105025,0.0717276922055
96723,0.121444122404,0.103440949722
96724,0.130390028662,0.110852771337
96725,0.152771286256,0.149172495334
96726,0.159290278741,0.148153826443
96727,0.175325808205,0.168371591561
96728,0.195706517538,0.186639937361
96729,0.204143293907,0.195386535706
96730,-0.294285206028,-0.152357343864
96731,-0.32525141687,-0.18421781322
96732,-0.293541752351,-0.182927386976
96733,-0.284083835551,-0.169352456046
96734,-0.266114239919,-0.171168433791
96736,-0.213595008309,-0.139241834703
96737,-0.18958756057,-0.140653686153
96741,-0.0892176358928,-0.0930611117799
96743,-0.19288372497,-0.141638066251
96745,-0.135506292331,-0.130196963523
96748,-0.108203609354,-0.0762813976621
96751,-0.0474244835365,-0.0787497683269
96753,-0.0151353441798,-0.0573749255393
96757,0.0436535848931,0.0312255134792
96758,0.0585063233625,0.0390754041358
96760,0.0893942107912,0.0670152186861
96763,0.142216551584,0.139618344278
96765,0.189250747502,0.179576628031
96766,-0.16910595714,-0.140867022188
96767,-0.193547811368,-0.157443577789
96772,-0.0966494164838,-0.0973844841673
96775,-0.0469663632212,-0.069144925067
96778,0.001026864393,-0.0442609469888
96779,0.011514037772,-0.0304945080247
96781,0.0367565814676,0.00768384820378
96782,0.0479459514355,0.0226212410952
96783,0.0667581824295,0.0409092097385
96784,0.0877995256892,0.0540811255554
96785,0.0984954886608,0.0777514083584
96786,0.117980927994,0.101868825494
96787,0.123091952531,0.111466556848
96788,0.138407153672,0.134918107566
96789,0.168453538489,0.140676298924
96790,-0.220720058408,-0.150533638531
96791,-0.247555210723,-0.167578024361
96792,-0.22394803158,-0.150644947656
96793,-0.206194045198,-0.140284884545
96794,-0.180992143021,-0.139844158063
96795,-0.166501976092,-0.130649772238
96796,-0.152462348071,-0.123172260412
96797,-0.149557935547,-0.108732271073
96798,-0.112817790124,-0.104023494191
96799,-0.0869245703943,-0.107271921065
96800,-0.0738757850561,-0.0831410538688
96801,-0.0567407523532,-0.0735750600476
96802,-0.0446462855148,-0.0601045643302
96803,-0.0327802785276,-0.0375091486585
96804,-0.0105648773116,-0.0309533739377
96805,0.0102421593199,-0.0204717529436
96806,0.0159451772044,-0.0172503125434
96807,0.0377478398015,0.0106815896587
96808,0.0528087010968,0.0296981634521
96809,0.0720916685088,0.0475030722945
96810,0.0883135980622,0.0595091305262
96811,0.105954621192,0.0760607485778
96812,0.124362372067,0.1217937799
96813,0.143522802163,0.114429142707
96814,-0.23160976744,-0.142164501678
96815,-0.248068914037,-0.15981740106
96816,-0.222581584984,-0.148603333286
96817,-0.182527536384,-0.13402844185
96818,-0.174742796385,-0.143727893874
96819,-0.151530621507,-0.12484895089
96820,-0.130307187348,-0.107797024548
96821,-0.111227681533,-0.101058951818
96822,-0.0934283050833,-0.0845927731075
96823,-0.0737877611806,-0.0785878643799
96824,-0.052917474944,-0.061629952752
96825,-0.0293436871883,-0.0459671949605
96826,-0.00983959782633,-0.0304766453245
96827,0.0104805214758,-0.000128877905325
96828,0.0397514354429,0.0145879787976
96829,0.062449352414,0.0307602509773
96830,0.0758694905624,0.0493385052804
96831,0.0970151389662,0.0839908456166
96832,0.121995747069,0.100920278691
96833,0.13842024483,0.129883462721
96834,0.151375618806,0.144598146356
96835,0.172822379323,0.156666464729
96836,0.197734007526,0.200892649952
96837,0.209683925806,0.206642903066
96839,-0.145244411912,-0.146830626252
96840,-0.110340795451,-0.140542302946
96841,-0.10537236124,-0.108280979752
96842,-0.095100869571,-0.095597139291
96843,-0.0815087292589,-0.0759298362497
96844,-0.0607886471331,-0.0747233365408
96845,-0.0368871120781,-0.0698633539085
96846,-0.0290401318043,-0.0577005663423
96847,-0.0174870613429,-0.0427261615455
96848,-0.00120826143078,-0.0137964413316
96849,0.0081332372695,-0.00429215008122
96850,0.0463840745412,0.0204531011097
96851,0.0670998579765,0.022148022364
96852,0.0851826357944,0.0348514543251
96853,0.10115427223,0.0566320454066
96854,0.104601315207,0.0713973786591
96855,0.114710743986,0.103909930349
96856,0.140300102015,0.133266345074
96857,0.146063380724,0.138078553319
96858,0.162211873848,0.155901001395
96859,0.192262971785,0.159120597319
96860,0.195083023768,0.186073424987
96861,0.217182540794,0.21100514423
96862,-0.130591471642,-0.0895070487783
96863,-0.15449422907,-0.111493050474
96864,-0.110677916607,-0.123024231415
96865,-0.0929283134605,-0.110977446143
96866,-0.0880472801325,-0.0881407685324
96867,-0.0657554471657,-0.0762864501091
96868,-0.0502427921481,-0.0656977763037
96869,-0.0353490644425,-0.0490243609498
96870,-0.0110473576866,-0.0422749724547
96871,0.00465396190591,-0.0203949659259
96872,0.0190190836939,-0.00891977249381
96873,0.0322405583364,0.0138634047728
96874,0.0430089767995,0.0252535746094
96875,0.0677728381823,0.0230408107153
96876,0.0837325887265,0.0273484115016
96877,0.0892153043064,0.057935128339
96878,0.0952650386695,0.0738338885647
96879,0.104311712266,0.0846384367006
96880,0.123493405407,0.106587785505
96881,0.130873664802,0.101199192391
96882,0.146087189251,0.135654964713
96883,0.159873434507,0.154300171757
96884,0.172968294697,0.153875467543
96885,0.191865685175,0.171587842623
96886,-0.121800220355,-0.096475727736
96887,-0.130615705809,-0.118550240708
96888,-0.110683010708,-0.102962841703
96889,-0.0899971054519,-0.0844983328835
96890,-0.0596575984319,-0.0945306972559
96891,-0.0499125074025,-0.068881929185
96892,-0.0301966239092,-0.0559835507741
96893,-0.0220203546776,-0.0441758154089
96894,-0.003863849991,-0.0274558052566
96895,0.0158793012959,-0.0174836657288
96896,0.0300555311943,-0.00339239998658
96897,0.0404638650586,0.0140204362658
96898,0.0615442008228,0.0223796378295
96899,0.0707454324019,0.0370460076506
96900,0.0870300902559,0.0625203870877
96901,0.0966042158505,0.0855345372938
96902,0.125164475552,0.0941137869543
96903,0.134543340559,0.101448338029
96904,0.144291511112,0.11633067876
96905,0.153889446526,0.13995691202
96906,0.170900659684,0.165019845737
96907,0.184231310215,0.167643155501
96908,0.194973962538,0.191320171397
96909,0.208386058419,0.198988511528
96910,-0.232702478561,-0.139127534481
96911,-0.266454180602,-0.17706351324
96912,-0.237002998172,-0.158872827707
96913,-0.210416024134,-0.151553164825
96914,-0.176974078716,-0.141702607081
96915,-0.161383435501,-0.13354294853
96916,-0.145360897588,-0.119984916964
96917,-0.116842977079,-0.106674300168
96918,-0.113683543819,-0.110208826878
96919,-0.105601138897,-0.095628633138
96920,-0.0865057659571,-0.0930003729608
96921,-0.0805725316379,-0.0970331369504
96922,-0.0724400608037,-0.0691726463972
96923,-0.0520722101189,-0.0764924245227
96924,-0.0471058816263,-0.0648652905008
96925,-0.0371356953828,-0.0553464469447
96926,-0.0261238851861,-0.0448713006905
96927,-0.0113495576027,-0.0380373924526
96928,0.00516856439552,-0.0167857880595
96929,0.0210897964048,0.000596971132423
96930,0.0269411693371,-0.00539557390309
96931,0.0380044581111,0.015389012348
96932,0.0504397982893,0.0147334914687
96933,0.0605260006582,0.0350619306855
96936,-0.264910065608,-0.175943067746
96937,-0.257013809606,-0.177949180653
96938,-0.247749142698,-0.166544766605
96939,-0.23801978537,-0.150765608565
96940,-0.204937074228,-0.160947025365
96941,-0.186645966745,-0.153999293053
96942,-0.153867729029,-0.154633793157
96943,-0.140648858094,-0.143208543241
96944,-0.139808416982,-0.124735990914
96945,-0.134596076075,-0.12376061832
96946,-0.118079777728,-0.113320222526
96947,-0.112600240603,-0.0958682912941
96948,-0.0904170401853,-0.114695085532
96949,-0.0782582247212,-0.105665350919
96950,-0.0725083613419,-0.0867181136096
96951,-0.0613932253215,-0.0874164506124
96952,-0.0556336293919,-0.0630749786364
96953,-0.0440490328582,-0.057524249232
96954,-0.0184547442364,-0.0657710779499
96955,0.00396252443287,-0.0369161976108
96956,0.00307192384867,-0.0341006165235
96957,0.0154361648869,-0.0227236823542
96958,0.0258900490075,-0.00753543132512
96959,0.0285334524029,-0.00385882704839
96960,0.0476306576191,0.00569853385447
96961,0.0574559330146,0.0195006156439
96962,0.0618126893976,0.0375996766107
96963,0.0676791551014,0.0473434964294
96964,0.0909327241179,0.0468986083906
96965,0.0988462848309,0.0607620406292
96966,0.120908890206,0.0610922023137
96967,0.121078964666,0.0902735944748
96968,0.125321548143,0.102616457989
96969,0.129666406786,0.108874071791
96970,-0.275617083914,-0.16959128206
96971,-0.303951059309,-0.19345638408
96972,-0.281383864195,-0.179051952409
96973,-0.259930608291,-0.172206403231
96974,-0.222615167218,-0.177242909482
96975,-0.21911063067,-0.168493178615
96976,-0.197189286925,-0.160513300183
96977,-0.186728004631,-0.152220154312
96978,-0.182042234576,-0.138472218891
96979,-0.16906626559,-0.133625754581
96980,-0.148240270545,-0.155518779306
96981,-0.141303186468,-0.133254745563
96982,-0.130496360615,-0.12357881624
96983,-0.114512915989,-0.111249321391
96984,-0.0944672558126,-0.103435829949
96985,-0.0778435979104,-0.0964090133773
96986,-0.0656973133694,-0.0870047813185
96987,-0.0480374745444,-0.082705897707
96988,-0.0354295880164,-0.0707210806978
96989,-0.0244999286071,-0.0585886436361
96990,-0.0119919505151,-0.0366183482494
96991,0.00876597294572,-0.0332560461071
96992,0.0223074507299,-0.0199619822041
96993,0.0263088769354,-0.0163039708961
96994,0.0381279561912,0.00110333902247
96995,0.0438371874361,0.00917812799334
96996,0.0542639099884,0.016819762466
96997,0.0559528675628,0.0191009889473
96998,0.0747576224041,0.031110492843
96999,0.082506237531,0.0532313151225
97000,0.0938704260936,0.0470494983873
97001,0.100109065398,0.0732108957209
97002,0.110005148133,0.0788885246099
97003,0.124522327988,0.0938296527616
97004,0.128359563602,0.0880888079985
97005,0.135306923486,0.117614942817
97006,-0.386707153875,-0.196476558815
97007,-0.419385135467,-0.222903646119
97008,-0.394089993873,-0.210165393405
97009,-0.372552536556,-0.220999569007
97010,-0.363738604566,-0.209161408976
97011,-0.350808018501,-0.199156189711
97012,-0.328691195077,-0.208491262679
97013,-0.318227987384,-0.199307804675
97014,-0.301222696385,-0.188749874109
97015,-0.290978232041,-0.195210005333
97016,-0.279981169378,-0.185634330834
97017,-0.264087173183,-0.182295280827
97018,-0.247708193002,-0.178732701261
97019,-0.244503933442,-0.175876969762
97020,-0.226029492548,-0.163370479715
97021,-0.203066805759,-0.161301021981
97022,-0.192604013888,-0.153353725476
97023,-0.175063825249,-0.145226096714
97024,-0.160661270715,-0.145951314579
97025,-0.146656984383,-0.133537981148
97026,-0.131486304248,-0.131205211917
97027,-0.125150217546,-0.11674789502
97028,-0.108463553452,-0.124854166861
97029,-0.107858178552,-0.113422536437
97032,0.0502860177683,0.00905953686127
97033,0.0560967226633,0.0353105847086
97034,0.0587546960769,0.0426119678232
97035,0.0658899241136,0.0409707172736
97036,0.0860538334467,0.0264172853324
97037,0.098646138508,0.0214412864264
97038,0.0916417963628,0.0494899172919
97039,0.122350421113,0.0321476198575
97040,0.101955274953,0.0675967447142
97041,0.113429013561,0.0750451460844
97042,-0.234307940596,-0.138689630501
97043,-0.268851945765,-0.191714957269
97044,-0.26326695963,-0.184255180225
97045,-0.253403041743,-0.179412628653
97046,-0.228512739014,-0.159710446511
97047,-0.235745477168,-0.1601056535
97048,-0.21164221288,-0.174504095525
97049,-0.199168533302,-0.168555607625
97050,-0.186529303846,-0.16788155638
97051,-0.154550546398,-0.173942739769
97052,-0.16686946358,-0.149171893412
97053,-0.16422246577,-0.140723160707
97054,-0.159058389582,-0.145217721077
97055,-0.148136424355,-0.130184771558
97056,-0.125848297911,-0.133393623937
97057,-0.115049906604,-0.134420920115
97058,-0.108116936945,-0.118348664758
97059,-0.0963317380693,-0.120901008459
97060,-0.0936609786503,-0.104733358356
97061,-0.0878571750036,-0.10053754477
97062,-0.0626004067531,-0.109089844849
97063,-0.0537399571312,-0.101745424475
97064,-0.0524746334067,-0.0849039624711
97065,-0.0439878423505,-0.0758369968199
97066,-0.033496279099,-0.0785654997769
97067,-0.024673315031,-0.0637724791527
97068,-0.0163870727677,-0.0634173086103
97069,-0.00607544525035,-0.0527124205114
97070,-0.00740906555495,-0.0361056272403
97071,0.00267829887101,-0.0304291954843
97072,0.0162720043006,-0.0322370270158
97073,0.039979790687,-0.0375546704199
97074,0.0416889077728,-0.0096909520604
97075,0.0431016517989,-0.00450966197601
97077,0.0690842374935,0.0192756853544
97078,-0.368425278765,-0.200282551658
97079,-0.412934178576,-0.220638995292
97080,-0.391350594372,-0.216104722499
97081,-0.364806144086,-0.220703188579
97082,-0.354539321042,-0.219636907006
97083,-0.337937505823,-0.211020813735
97084,-0.338355442102,-0.210337612007
97085,-0.340915325606,-0.203711671217
97086,-0.328390854648,-0.201371040262
97087,-0.309484390061,-0.208571182655
97088,-0.312199152145,-0.207637514032
97089,-0.298979527727,-0.197765318932
97090,-0.291610503023,-0.193886996586
97091,-0.277882434905,-0.194770704059
97092,-0.270977825359,-0.194847086446
97093,-0.25950810106,-0.187958116614
97094,-0.246139347333,-0.174106190699
97095,-0.232483106939,-0.18474413469
97096,-0.22367419317,-0.174655771015
97097,-0.223933910185,-0.171953526156
97098,-0.20370568482,-0.1559057681
97099,-0.203011362076,-0.174777274718
97100,-0.194156116683,-0.170849130693
97101,-0.185881103525,-0.160381429502
97102,-0.178179217097,-0.154800165326
97103,-0.171892026198,-0.159550889818
97104,-0.160990067889,-0.144960047173
97105,-0.137757587162,-0.136484178184
97106,-0.125265068148,-0.137120887144
97107,-0.109307487857,-0.130792729147
97108,-0.109909221512,-0.120175872658
97109,-0.11285293345,-0.12034860794
97110,-0.093857412102,-0.125048455925
97111,-0.0909567128676,-0.109810202598
97112,-0.0816788672861,-0.110135635739
97113,-0.065197032113,-0.101848063832
97114,-0.0453230029859,-0.0768804826378
97115,-0.0437991107188,-0.08066435591
97116,-0.0263384424002,-0.0826146627773
97117,-0.00931639850073,-0.0406936021382
97118,-0.00482971695294,-0.0471142087514
97119,0.023988845426,-0.0287753323732
97120,0.028150642385,-0.0139038870753
97121,0.0460911882133,-0.00473786110858
97122,0.0610962998734,0.00735995258492
97123,0.0731972448458,0.02862693283
97124,0.0818757051853,0.0354589759945
97125,0.0911162318106,0.0483605434578
97127,-0.368977342448,-0.243464817347
97128,-0.381665715586,-0.229109071206
97129,-0.381270759973,-0.22015263959
97130,-0.364158417811,-0.219557056063
97131,-0.357522168789,-0.220254420345
97132,-0.329106000706,-0.212384167532
97133,-0.317386674408,-0.209964570544
97134,-0.31075695873,-0.200531499896
97135,-0.313352966724,-0.196962531615
97136,-0.310200663771,-0.201051135736
97137,-0.285433932597,-0.202321200536
97138,-0.284500543797,-0.210075647929
97139,-0.275253598346,-0.213708580369
97140,-0.281010026819,-0.206349110604
97141,-0.267299969487,-0.204278144644
97142,-0.25114188031,-0.187227150245
97143,-0.24814631995,-0.19379906768
97144,-0.245681133619,-0.183921935459
97145,-0.215426149364,-0.192193769602
97146,-0.216594400615,-0.188979481524
97147,-0.197811627736,-0.178570572632
97148,-0.199860297019,-0.170443350369
97149,-0.203397356356,-0.169702312692
97150,-0.170289198276,-0.185830783546
97151,-0.1637286191,-0.176612004264
97152,-0.168868604662,-0.162428953758
97153,-0.156983908807,-0.161482534402
97154,-0.147743080441,-0.151831066579
97155,-0.142839836978,-0.147862465974
97156,-0.117525120562,-0.159295992168
97157,-0.123023723861,-0.14249661499
97158,-0.116307830037,-0.149161825277
97159,-0.108272401022,-0.129097192995
97160,-0.0979294449392,-0.122829354071
97161,-0.06827860844,-0.145591518408
97162,-0.060948321284,-0.12641120226
97163,-0.0660262864315,-0.115447707451
97164,-0.0578761604033,-0.110645733685
97165,-0.0482500734355,-0.0959798481057
97166,-0.0413224034517,-0.105499768557
97167,-0.0286978147454,-0.0833242393451
97168,-0.0168004778701,-0.0646179547738
97169,-0.00724223825976,-0.059300928302
97170,0.0172875276701,-0.049964421114
97171,0.0212913335295,-0.0438657912267
97172,0.0326327992099,-0.0380669327423
97173,0.041655367072,-0.0261087086387
97174,-0.320279178043,-0.191016568927
97175,-0.321149928424,-0.223917019983
97176,-0.311697188016,-0.214011657171
97177,-0.306796112302,-0.2166974368
97179,-0.269288391544,-0.205833010608
97182,-0.251102139785,-0.195963664579
97183,-0.230529486099,-0.197947251107
97185,-0.216275701921,-0.178639301875
97186,-0.202596975514,-0.177357337819
97187,-0.185181229751,-0.184883857873
97188,-0.17545702769,-0.181247460462
97189,-0.164150181624,-0.164350398344
97190,-0.152533238305,-0.160524483817
97191,-0.13264006091,-0.158097564021
97192,-0.118038432169,-0.147218716409
97194,-0.0806101516891,-0.132881209678
97195,-0.0651390892694,-0.121922356327
97196,-0.0504899158893,-0.104823893744
97197,-0.0365688121784,-0.0886220748756
97198,-0.0124714536006,-0.0857554453405
97199,-0.00537201617923,-0.0728729339965
97200,0.00327318516323,-0.052719742751
97201,0.0206009747446,-0.0442346019946
97202,0.0209009236292,-0.0480075970155
97203,0.0306237551371,-0.0274031767782
97204,0.0471496678583,-0.0255428180137
97205,0.0500922256405,-0.0094210307014
97206,0.0542083510389,0.00468283658605
97207,0.0688153970701,-0.00514876841987
97208,0.0806785577265,0.0234086868184
97209,0.0919835942125,0.0462282011007
97210,-0.0596621084748,-0.0787087555339
97211,0.0012422739311,-0.0638673148438
97212,0.00780303312972,-0.0303369745508
97213,0.0453094192737,-0.0164375821481
97214,0.0626514188108,-0.000244120477944
97215,0.0743985598304,1.52746492109e-14
97216,0.0859070870542,1.37113843307e-14
97217,0.0951018299654,1.36631802452e-14
97218,0.11192967607,1.28467009072e-14
97219,0.122335638142,1.289186509e-14
97220,0.14097597473,1.05628077125e-14
97221,0.157111115587,1.04864749224e-14
97223,-0.351153238298,1.64734655895e-14
97224,-0.329892007073,1.53248274615e-14
97225,-0.301219752552,1.48414369078e-14
97226,-0.286217596907,1.48399875487e-14
97227,-0.277944119497,1.28284736114e-14
97230,-0.260952613754,1.22584584265e-14
97231,-0.2647241945,1.15569489892e-14
97232,-0.247463357834,1.15951365091e-14
97233,-0.215554851784,1.20151573018e-14
97234,-0.229954969055,1.12923521616e-14
97235,-0.21522347885,1.19363691209e-14
97236,-0.202444584793,1.19923208511e-14
97237,-0.181725646818,1.26059903947e-14
97240,-0.144812624808,1.32559867744e-14
97241,-0.134327983947,1.3274858594e-14
97242,-0.117746873429,1.34304233431e-14
97243,-0.109099837412,1.42593322838e-14
97244,-0.0911154110882,1.50781298798e-14
97245,-0.0863460887891,1.54727528102e-14
97246,-0.0843898102149,1.56480300882e-14
97247,-0.0727862113104,1.67238321567e-14
97248,-0.0610386394184,1.74544407941e-14
97249,-0.0311135839896,2.12554844528e-14
97250,-0.0289471791669,2.08527926575e-14
97251,-0.0268517595812,2.05356224958e-14
97252,-0.0217223261622,2.15258044887e-14
97253,-0.0118601726492,2.18494338704e-14
97254,-0.00381546618647,1.88168647407e-14
97255,-0.00153214814051,2.08382076328e-14
97256,-0.000563184140709,1.95927991297e-14
97257,0.0197211044178,-2.17430525838e-14
97258,0.0352094863791,-2.54387511082e-15
97259,0.0440479614511,-1.89548506793e-15
97260,0.047626858319,-1.86586811374e-15
97261,0.0429385894532,-1.95770380996e-15
97262,0.0601811167805,-1.61357618712e-15
97263,0.0656350304888,-1.54046101614e-15
97264,0.0703012709376,-1.48570244096e-15
97265,0.0777158581068,-1.4073548513e-15
97266,0.0870660472853,-1.32269366102e-15
97267,0.100874178222,-1.25087552865e-15
97268,0.106311926892,-1.24843241238e-15
97269,0.107889994556,-1.27037751338e-15
97270,-0.299563313011,-3.70096699015e-15
97271,-0.343210623852,-3.52386993691e-15
97272,-0.329870992183,-3.68044814212e-15
97274,-0.290698811861,-4.08299715766e-15
97275,-0.274687666364,-4.29751400051e-15
97279,-0.245824001422,-4.52330135718e-15
97280,-0.227771301317,-5.14172146461e-15
97281,-0.225991838026,-5.16180631408e-15
97282,-0.210454899161,-5.46828856398e-15
97283,-0.204535855123,-5.81860080011e-15
97284,-0.199582252381,-5.88906041917e-15
97287,-0.157404909202,-6.65854897785e-15
97288,-0.132441474383,-7.85240600161e-15
97289,-0.12333612302,-8.31864260796e-15
97290,-0.106377406104,-9.72241354805e-15
97291,-0.0897559364006,-1.12111581226e-14
97292,-0.0841007207545,-1.21633949172e-14
97293,-0.0760848708076,-1.30471415792e-14
97294,-0.0646126988811,-1.50093093557e-14
97295,-0.0653698789461,-1.52965969176e-14
97296,-0.0571986440779,-1.73998789938e-14
97297,-0.0451381926721,-2.16552241562e-14
97298,-0.0423514933382,-2.13361585366e-14
97299,-0.0350560453616,-2.06123647796e-14
97300,-0.0184591988857,-2.60070071243e-14
97301,-0.014478934126,-2.94610627579e-14
97302,0.0123990523941,-6.58846337927e-14
97303,0.0200687714064,-7.5899628938e-14
97304,0.0289372048524,-8.56000638443e-14
97305,0.0361715060655,-9.36250698297e-14
97306,0.0505341372825,-1.01286965193e-13
97307,0.0669102327713,-9.6588286122e-14
97308,0.0736012560484,-9.17588718159e-14
97309,0.0819963993164,-8.19378050669e-14
97310,0.0983956791797,-7.16955794335e-14
97311,0.0965507601951,-6.8782946519e-14
97312,0.115785481953,-6.02119465426e-14
97313,0.126278541255,-5.07097487289e-14
97314,0.138511774939,-4.82534952748e-14
97315,0.146411274603,-4.08458297893e-14
97316,0.158798906997,-3.67978943749e-14
97317,0.164753866009,-3.33480917773e-14
97320,-0.157541304279,-8.97135980582e-14
97321,-0.160618282878,-1.00051688459e-13
97322,-0.151959953566,-1.17756147394e-13
97323,-0.160507700955,-1.29163774173e-13
97324,-0.145522802311,-1.48109476205e-13
97325,-0.124261165034,-1.72097008859e-13
97326,-0.118145185818,-1.84937059129e-13
97327,-0.11500695432,-2.15133813315e-13
97328,-0.124382155015,-2.21946033917e-13
97329,-0.10721109375,-2.6004026177e-13
97330,-0.0975788470456,-2.97725784081e-13
97331,-0.0795115136473,-3.88555408053e-13
97332,-0.0708770602121,-4.67936063682e-13
97333,-0.034362085147,-6.91131555551e-13
97334,-0.0409190689729,-7.04495232113e-13
97335,-0.0589275552239,-7.96676438082e-13
97336,-0.0480627872295,-1.03941379031e-12
97337,-0.0434818028217,-1.16690438803e-12
97338,-0.0321528213251,-1.46285707697e-12
97339,-0.0271046085824,-1.72906242212e-12
97340,-0.0307491064282,-1.83520811208e-12
97341,-0.0300764697251,-1.99292130921e-12
97342,-0.0183197715618,-2.63910025641e-12
97343,-0.00265965109302,-4.65012337651e-12
97345,0.0228354996426,-4.20491992691e-11
97346,0.024488508833,-4.47912259109e-11
97347,0.0169500418438,-5.85722373058e-11
97348,0.0295737831058,-6.91517225453e-11
97349,0.0274330051051,-7.86668374932e-11
97350,0.0361772754824,-9.19418663202e-11
97351,0.0581657081895,-1.00093704166e-10
97352,0.0609831096799,-1.0517658758e-10
97353,0.0705117205674,-1.16022923174e-10
97354,-0.283517551374,-6.09381525694e-10
97355,-0.30656806128,-6.30810674012e-10
97356,-0.271779771514,-7.61223388551e-10
97357,-0.279954397454,-8.8298939543e-10
97358,-0.264644391343,-1.03958204603e-09
97363,-0.218802616613,-1.2311666562e-09
97364,-0.211366746439,-1.43676186929e-09
97365,-0.21293548401,-1.61102536945e-09
97366,-0.181207898695,-1.88996759919e-09
97369,-0.172784562779,-2.1701405304e-09
97370,-0.163335407002,-2.55500139009e-09
97371,-0.154020184571,-3.07498409487e-09
97372,-0.157329211974,-3.34945044865e-09
97373,-0.150138775333,-3.844671931e-09
97374,-0.140078130316,-4.27191766981e-09
97375,-0.126015599264,-4.69994379571e-09
97378,-0.124932652708,-5.30763184117e-09
97379,-0.117905190993,-6.12036296685e-09
97380,-0.0984113714308,-7.07467056513e-09
97381,-0.0965661582165,-8.02532942232e-09
97382,-0.086306003906,-9.45484122568e-09
97385,-0.0558542507769,-1.20813806741e-08
97386,-0.0493088307639,-1.42994466573e-08
97387,-0.0389847943227,-1.91925385603e-08
97388,-0.0356345385606,-2.19364718076e-08
97389,-0.0286189887815,-2.76605199199e-08
97391,-0.0142284445202,-3.90954706963e-08
97392,-0.0085061504142,-5.26264073775e-08
97393,-0.00168627786532,-9.00841779019e-08
97394,-0.000611275726177,-1.4160106714e-07
97395,0.00524712158742,-1.28100221253e-06
97396,0.0145975121123,-1.71536157176e-06
97397,0.0210218786184,-1.93981177547e-06
97398,0.0319552057719,-2.18555599673e-06
97399,0.0443378480085,-2.62949705857e-06
97400,0.0422595113831,-3.0198130282e-06
97402,0.0557297306365,-3.45391115101e-06
97403,0.0599954326597,-3.64992756556e-06
97404,0.0647785157981,-3.78648796581e-06
97405,0.0730195496973,-3.97346660892e-06
97406,0.0741604801613,-4.43910722715e-06
97407,0.0779264420445,-4.21541783953e-06
97408,0.0878860943713,-4.38827402744e-06
97411,0.0999194730031,-3.61207663172e-06
97412,0.106633422456,-3.15518773941e-06
97413,0.110965405243,-2.77557921451e-06
97415,-0.0189570204167,-5.50904243119e-06
97416,-0.00226363954546,-9.88233839282e-06
97417,0.00711462675041,-0.0920003027455
97418,0.00711294948931,-0.0884990522102
97419,0.0148828429403,-0.0962016355587
97420,0.0289851864304,-0.0871703520308
97421,0.0113580269172,-0.0718052306378
97422,0.0165898904227,-0.0584576434215
97423,0.0237515018294,-0.0585721055294
97424,0.0276024875321,-0.0591105382219
97425,0.0287507204357,-0.0573661680736
97426,0.0265919799889,-0.0499987439902
97427,0.0394707800461,-0.0258948258418
97428,0.0407044836565,-0.0353506651129
97429,0.0582231362907,-0.0303847130818
97430,0.0671444564394,-0.0250315943044
97431,0.0902789961705,-0.0298099095643
97432,0.0919050386587,-0.00752996612515
97433,0.0912237003903,0.00844541291222
97434,0.0930354796937,0.0105578486212
97435,0.0891311749504,0.0182901232654
97436,0.10369956745,0.02460445334
97437,0.121052939089,0.0192948616037
97438,-0.267930632118,-0.209706197536
97439,-0.310185146028,-0.234428758593
97440,-0.291440357179,-0.228636360374
97441,-0.293030360799,-0.227259114624
97443,-0.266063970729,-0.228981330177
97445,-0.252823868849,-0.220265693361
97446,-0.260908698865,-0.226736743847
97452,-0.2357978481,-0.238736517469
97453,-0.235710696859,-0.228964155555
97454,-0.235402563216,-0.217597324913
97455,-0.226621179136,-0.21536219997
97462,-0.184313056182,-0.214284022629
97463,-0.183371776742,-0.212504436838
97464,-0.177877781939,-0.197678705684
97465,-0.168897125926,-0.202048407204
97467,-0.145987592196,-0.20531170212
97469,-0.132012654108,-0.192917093157
97470,-0.131984416525,-0.199934203536
97471,-0.131964178178,-0.19428806973
97473,-0.124314001454,-0.200323964384
97475,-0.128462042957,-0.191263626231
97476,-0.127083222522,-0.174889815584
97477,-0.110446664666,-0.190715278351
97478,-0.117202481197,-0.204161689655
97479,-0.123495890307,-0.190569531528
97480,-0.1299489386,-0.189516946307
97487,-0.0626415256997,-0.15350076266
97488,-0.0453473042254,-0.146264826741
97489,-0.0400562477002,-0.133077898534
97490,-0.039689637834,-0.124922861088
97494,-0.00922664055303,-0.106484026044
97496,0.00490931309053,-0.0861211345558
97497,0.0183782978677,-0.0829992282145
97498,0.0116801094612,-0.082835949359
97499,0.00961625393792,-0.0895852350904
97500,0.00627961440464,-0.0931320235765
97501,-0.000702297164092,-0.0909010582157
97502,0.00387934831511,-0.0916397576962
97503,-0.00217941399909,-0.102721182835
97504,0.00825590534248,-0.0849740273682
97505,0.0187909348017,-0.0860909901227
97506,0.0291754982789,-0.0660692841051
97507,0.0454565185109,-0.0506096142623
97508,0.0554046363453,-0.0452768129936
97509,0.0680551633256,-0.0238407523148
97511,-0.052655478829,-0.13406803279
97512,-0.0491373715076,-0.138013602318
97513,-0.0402202033265,-0.142940109061
97514,-0.0273409268887,-0.147533940219
97515,-0.0299844321064,-0.136265556032
97516,-0.0132573823278,-0.146755843632
97517,-0.0269907998418,-0.119400705668
97518,-0.027777262723,-0.119368640049
97519,-0.0122769278303,-0.11453186281
97520,-0.00417660568066,-0.104120639852
97521,-0.00372677423632,-0.10548061403
97522,0.00408209240844,-0.0797235091477
97523,0.00778022500228,-0.0844314843228
97524,0.0095248427551,-0.0439389375327
97525,0.0237370664907,-0.0730822887215
97526,0.0356758708482,-0.0863791091151
97527,0.030944610335,-0.0666728944268
97528,0.0382143471682,-0.0862495335997
97529,0.0266332979362,-0.0592908052395
97530,0.0273823105466,-0.0641485796968
97531,0.0296296242397,-0.0599484767439
97532,0.022280737038,-0.0726611091838
97533,0.0299187024546,-0.0737207289934
97534,0.022973798082,-0.0726709825289
97535,0.0205705094286,-0.0688061362993
97536,0.0155592936972,-0.0684477810368
97537,0.0271765237368,-0.0740269601744
97538,0.030193556889,-0.0783254810169
97539,0.0264869998247,-0.0718104382434
97540,0.0192036280663,-0.0820983578952
97541,0.0190977914206,-0.0770120892754
97542,0.01388689618,-0.0775000367687
97544,0.0180630856094,-0.0773909662371
97545,0.0149172514988,-0.0800460201948
97546,0.00955805480295,-0.0688702672759
97547,0.0096064204329,-0.0839577854728
97548,0.0264366047711,-0.0986281366054
97549,0.0236293719368,-0.0885650334531
97550,0.021408747166,-0.0698335900284
97551,0.0255464895683,-0.05731425725
97552,0.0277841048393,-0.0652708181037
97553,0.032987254621,-0.0690019841442
97554,0.0221419317517,-0.0607175566888
97555,0.0267376924276,-0.0601170552262
97556,0.032476189209,-0.0789603052486
97557,0.0259700723492,-0.0755243778537
97558,0.023902435399,-0.0803454815406
97559,0.0221775932852,-0.0688819921431
97560,0.00932335344971,-0.0754388943197
97561,0.00251883344253,-0.0925083056124
97562,0.00466114599603,-0.100428945608
97563,0.00346148575902,-0.0981525966556
97564,1.27502219803e-14,-0.0981525966551
97565,1.3427577523e-14,-0.097539142926
97567,1.23156062593e-14,-0.113694063473
97569,1.25946317137e-14,-0.119911707569
97570,1.11924949799e-14,-0.131621835262
97571,1.10810072369e-14,-0.134243989011
97572,1.07715181676e-14,-0.141742774335
97574,9.93840855935e-15,-0.16366860974
97584,9.92676198682e-15,-0.180419069018
97585,9.87247500721e-15,-0.191413356036
97586,1.00440863892e-14,-0.194329418882
97587,9.98523432048e-15,-0.206323187703
97607,1.08511413592e-14,-0.170539009836
97608,1.18472422262e-14,-0.164809964974
97610,1.17153490998e-14,-0.176720060099
97611,1.16306873973e-14,-0.170438214213
97635,1.75368958413e-15,-0.290011273872
97641,1.66960153864e-15,-0.317822901894
97642,1.66715583326e-15,-0.334645168771
97643,1.67480781804e-15,-0.331573230699
97644,1.65796160659e-15,-0.33824355155
97645,1.65796160659e-15,-0.33824355155
97646,1.69325805486e-15,-0.34075395291
97647,1.66481661097e-15,-0.352201156015
97648,1.64937153499e-15,-0.376346196203
97649,1.6754651081e-15,-0.383255677149
97650,1.6514130211e-15,-0.394259306942
97651,1.63657610724e-15,-0.401343653864
97652,1.62315106886e-15,-0.407928198185
97653,1.63123512203e-15,-0.424261260807
97654,1.83402441015e-15,-0.318775990298
97656,1.83545724172e-15,-0.334216702328
97657,1.85607028692e-15,-0.343420716982
97659,1.82416907886e-15,-0.355225804128
97660,1.84233951305e-15,-0.365910330268
97661,1.80743581524e-15,-0.379774901376
97662,1.78431334534e-15,-0.389491798267
97663,1.79267731414e-15,-0.405314902571
97664,1.77271977373e-15,-0.414339492199
97665,1.79730241122e-15,-0.423565019955
97667,2.0307411033e-15,-0.334715638816
97668,2.03292256347e-15,-0.350732305126
97669,2.0656796165e-15,-0.356966023831
97670,2.07657284885e-15,-0.37104944899
97671,2.09543234836e-15,-0.382862156057
97672,2.07783399074e-15,-0.408436151638
97673,2.02771436226e-15,-0.428140005047
97674,2.03385295066e-15,-0.446954751362
97675,2.06523466611e-15,-0.45550974465
97676,2.00714994112e-15,-0.481132167786
97677,2.00362174787e-15,-0.506880256453
97678,2.37323517381e-15,-0.345213174659
97682,2.129885864e-15,-0.381487527777
97683,2.05271910076e-15,-0.409130471684
97684,1.94567300703e-15,-0.431344977764
97685,1.94244288583e-15,-0.454344426774
97686,1.95534192062e-15,-0.471027386194
97687,1.94541244993e-15,-0.499362627395
97688,1.92888404337e-15,-0.53281602216
97689,1.9210667887e-15,-0.563775546885
97694,2.23007283038e-15,-0.352872136838
97695,2.08695698092e-15,-0.377720342109
97696,2.03722870911e-15,-0.395721077163
97697,2.02927078447e-15,-0.418598701937
97698,1.94663348787e-15,-0.452691604028
97699,1.91336582573e-15,-0.490799041789
97700,1.92644547492e-15,-0.508628850729
97701,1.87075916042e-15,-0.538033956162
97707,2.4267802058e-15,-0.245110195849
97715,1.94521600871e-15,-0.342388304827
97716,1.90722350854e-15,-0.355762847984
97717,1.92864252255e-15,-0.36556022329
97718,1.94276832228e-15,-0.378483348371
97719,1.90235722339e-15,-0.394228847043
97720,1.85312629915e-15,-0.414633269791
97721,1.7993783977e-15,-0.438685238761
97722,1.77477752117e-15,-0.450680538258
97723,1.80441491923e-15,-0.458162539382
97724,1.80970129106e-15,-0.478386120222
97725,1.81712389401e-15,-0.49838116509
97729,2.15410810053e-15,-0.338451427933
97730,2.08342642848e-15,-0.360662302892
97731,2.0636908461e-15,-0.385528278071
97732,2.01512155959e-15,-0.403675214598
97733,2.03184864284e-15,-0.417157336023
97734,2.02748334303e-15,-0.439807675752
97735,2.05441085617e-15,-0.47210605194
97736,2.01167750536e-15,-0.491746401367
97737,2.05018227011e-15,-0.497509054508
97739,2.42137738034e-15,-0.342231814448
97740,2.41144594968e-15,-0.362150775524
97741,2.38648371622e-15,-0.369648428298
97742,2.35315684401e-15,-0.379972593385
97743,2.1631118528e-15,-0.403349813486
97744,2.09614833157e-15,-0.428322839048
97746,2.00546535199e-15,-0.465382803442
97747,1.96179164365e-15,-0.485652406014
97748,1.91351317741e-15,-0.509555610372
97749,1.87240254274e-15,-0.531450578006
97752,2.03989480145e-15,-0.350010029108
97753,1.99009268227e-15,-0.367100362561
97754,1.97668287807e-15,-0.390402631669
97755,1.92900312505e-15,-0.409236508626
97756,1.88831321538e-15,-0.446962999265
97757,1.9041720959e-15,-0.4618035676
97758,1.87534917843e-15,-0.475783949041
97759,1.83670672954e-15,-0.495391451629
97760,1.81787331093e-15,-0.530320419214
97761,1.83322936966e-15,-0.54787692528
97765,2.14500368092e-15,-0.361523865636
97766,2.11714376983e-15,-0.370915012927
97767,2.12169232089e-15,-0.387866988128
97768,2.04212885886e-15,-0.416957012237
97771,1.9657484533e-15,-0.46899520185
97772,1.90259110553e-15,-0.499131807594
97773,1.91671189889e-15,-0.516679410205
97779,2.08816776797e-15,-0.424242234473
97781,1.98620645118e-15,-0.465672140183
97782,2.00366334382e-15,-0.480770104103
97783,2.02596975214e-15,-0.494103962459
97784,1.93891636435e-15,-0.536566021733
97785,1.95075057067e-15,-0.556844444625
97787,2.21716899578e-15,-0.404745429819
97788,2.19032046497e-15,-0.434785129688
97790,2.08444071593e-15,-0.476820020156
97791,2.02296599951e-15,-0.504944951032
97792,1.96172386476e-15,-0.535517789864
97793,1.87225852835e-15,-0.557586980032
97794,1.82600057838e-15,-0.585139617913
97795,1.77018630289e-15,-0.620910848461
97796,1.78704110411e-15,-0.640132405
97797,1.79899543181e-15,-0.663574753816
97803,2.30287270296e-15,-0.277329357933
97808,1.83336933006e-15,-0.334743614676
97809,1.83659204959e-15,-0.35030396239
97811,1.74852889565e-15,-0.383897565033
97812,1.78131381244e-15,-0.388696284596
97813,1.73765074927e-15,-0.42718632684
97814,1.69845179193e-15,-0.446459772446
97815,1.6997787074e-15,-0.468085167674
97816,1.71322422256e-15,-0.484084172428
97817,1.66035519382e-15,-0.513961242445
97818,1.62719673316e-15,-0.534489577226
97819,1.59454156435e-15,-0.555942235062
97820,1.60006951606e-15,-0.579884669209
97821,1.55178616836e-15,-0.614881615066
97823,1.88608697767e-15,-0.349954106699
97824,1.82714675962e-15,-0.371826238368
97825,1.76986999108e-15,-0.395138000578
97826,1.71490723159e-15,-0.419679774833
97827,1.65712959537e-15,-0.447958978411
97828,1.63382621044e-15,-0.482955773599
97829,1.63286889039e-15,-0.507669526076
97830,1.61835804381e-15,-0.542076034972
97831,1.62554899019e-15,-0.564362559457
97832,1.60903950826e-15,-0.604044301919
97833,1.54178668507e-15,-0.624336415186
97837,1.8898179275e-15,-0.373687293816
97839,1.80252457987e-15,-0.426893941705
97840,1.73528196371e-15,-0.458744231887
97841,1.72477537369e-15,-0.487236549415
97842,1.70169976567e-15,-0.524635761118
97843,1.70518957964e-15,-0.54871572281
97844,1.71060155829e-15,-0.572668450163
97845,1.72388210749e-15,-0.59240985279
97846,2.08330479299e-15,-0.375000065018
97847,2.10364956636e-15,-0.367675844998
97850,1.95881822415e-15,-0.436686877624
97851,1.95480111646e-15,-0.460312320027
97852,1.95117404408e-15,-0.485036126278
97853,1.87686175138e-15,-0.52198223746
97854,1.86311520535e-15,-0.555727573514
97855,1.86147770175e-15,-0.584490817065
97856,1.81712217839e-15,-0.612345457566
97862,2.10175733211e-15,-0.451126380066
97863,2.05680763917e-15,-0.492978925092
97864,1.98469885573e-15,-0.527545220816
97865,1.9255842902e-15,-0.558971254478
97866,1.9389355094e-15,-0.579168458009
97867,1.88743253493e-15,-0.60993678234
97868,1.89028948848e-15,-0.638587133152
97869,1.8609383138e-15,-0.658418257013
97870,2.17706157521e-15,-0.401802313289
97873,2.09138229642e-15,-0.453518665722
97874,2.05727479217e-15,-0.490987102362
97875,2.06209652997e-15,-0.513234955438
97876,2.01467233731e-15,-0.562503506336
97877,1.96086248533e-15,-0.592551301059
97878,1.9816392021e-15,-0.609621870768
97879,1.91980973676e-15,-0.647663704305
97880,1.94324491421e-15,-0.664234787364
97881,1.9106993573e-15,-0.686484058074
97883,2.16474400329e-15,-0.435287205964
97884,2.13028567589e-15,-0.470909342546
97885,2.04998389163e-15,-0.506411492199
97886,1.96970620212e-15,-0.546073798521
97887,1.95903054839e-15,-0.579296843099
97888,1.85323524631e-15,-0.612900585756
97889,1.80274182505e-15,-0.646298879394
97890,1.77166917543e-15,-0.668578518498
97891,1.69113089406e-15,-0.695935393425
97892,1.66652361836e-15,-0.716188200772
97896,2.15142665751e-15,-0.335223637334
97898,2.12285302222e-15,-0.360889197067
97899,2.11974337423e-15,-0.37999094949
97900,2.0681988332e-15,-0.398470978089
97901,2.04477001829e-15,-0.42742238509
97902,1.9874605461e-15,-0.451381413317
97903,2.01890279302e-15,-0.482237564618
97904,1.97296486814e-15,-0.504183141289
97905,1.92287005704e-15,-0.529786191433
97911,2.15449703119e-15,-0.428640487893
97912,2.16859383794e-15,-0.444463349653
97913,2.18193577268e-15,-0.461217534513
97914,2.16616787745e-15,-0.490944445917
97915,2.17949488685e-15,-0.509450750226
97916,2.13117991231e-15,-0.532037726847
97917,2.07228109247e-15,-0.56144528089
97918,2.16014217216e-15,-0.402647308178
97919,2.20296530311e-15,-0.406815336954
97920,2.13498317071e-15,-0.431923471032
97921,2.14561638767e-15,-0.449217281883
97922,2.15441676739e-15,-0.467993160462
97923,2.07194300051e-15,-0.50382388681
97924,2.08671368792e-15,-0.521831654639
97925,2.09741217118e-15,-0.542572424506
97926,2.03913934279e-15,-0.572721224267
97927,2.00648125176e-15,-0.591066200981
97928,1.98502522665e-15,-0.603707167584
97929,1.99937013552e-15,-0.625167070807
97932,2.33041818872e-15,-0.418141530074
97933,2.10852778501e-15,-0.435046861466
97934,2.10132090293e-15,-0.459773157693
97935,2.05330243698e-15,-0.480786227791
97936,1.99033984272e-15,-0.510271945667
97937,1.9339727964e-15,-0.53917406759
97938,1.92717367328e-15,-0.569923838632
97939,1.87692412536e-15,-0.599644476311
97940,1.90460142447e-15,-0.611941872798
97941,1.85345246044e-15,-0.644809844481
97944,2.16540805766e-15,-0.395512757147
97945,2.12692131288e-15,-0.409571999686
97946,2.1360604279e-15,-0.426530840298
97947,2.00047065464e-15,-0.459353721368
97948,1.96823650835e-15,-0.47415711278
97949,1.96554556e-15,-0.499161491774
97950,1.85440777883e-15,-0.530651562446
97951,1.88791026311e-15,-0.564542785282
97952,1.90717653484e-15,-0.581247518089
97953,1.80613715299e-15,-0.613772403622
97955,2.15369508853e-15,-0.408242562605
97956,2.08681276059e-15,-0.433598253017
97958,1.97717357453e-15,-0.479159944447
97959,1.98991707609e-15,-0.520899267733
97960,2.00536613933e-15,-0.53885604913
97961,1.99498680286e-15,-0.571376853658
97962,1.98193366655e-15,-0.607422698136
97963,1.99828849027e-15,-0.627768985779
97964,2.02434039588e-15,-0.642788849208
97965,1.97027231987e-15,-0.677125323868
97971,2.60503095105e-15,-0.274685409702
97981,2.17885949988e-15,-0.48825590195
97982,2.13226084456e-15,-0.533553080353
97983,2.08822049606e-15,-0.555593407793
97984,2.08281640981e-15,-0.586248708126
97985,2.06929030715e-15,-0.623175506636
97986,2.02483289821e-15,-0.649952579186
97987,2.03570846553e-15,-0.675468295674
97988,2.01712069781e-15,-0.687803507714
97989,2.0403648621e-15,-0.706341961633
97991,2.5706803973e-15,-0.374485401338
97993,2.63419427821e-15,-0.374704826378
97995,2.6488572737e-15,-0.389268549122
97996,2.618074655e-15,-0.417779429185
97997,2.57870126663e-15,-0.430345451078
97998,2.64996810828e-15,-0.449593323793
97999,2.70897130444e-15,-0.474531703472
98000,2.66823091568e-15,-0.488804727365
98001,2.53716449472e-15,-0.512385736674
98005,2.86719409501e-15,-0.379085384867
98006,2.84255414576e-15,-0.38560091492
98007,2.81340686204e-15,-0.412788791929
98008,2.90434804088e-15,-0.427381520706
98010,2.75033817895e-15,-0.472707334327
98011,2.80432430922e-15,-0.477785245145
98012,2.75146936862e-15,-0.495795509269
98013,2.66414245995e-15,-0.5272669039
98017,3.01524209371e-15,-0.414656286827
98018,2.9969857451e-15,-0.440410329642
98019,2.97444981713e-15,-0.469054204597
98020,2.97357839629e-15,-0.492781751275
98021,2.95238003467e-15,-0.524446828652
98022,2.87568735018e-15,-0.551693480296
98024,2.73190298267e-15,-0.606862828326
98025,2.81460707687e-15,-0.63080546335
98031,3.38440009155e-15,-0.375403173208
98034,3.00563812818e-15,-0.421888644266
98035,2.97129636441e-15,-0.452623891202
98036,2.895563127e-15,-0.475697101281
98037,2.90743946014e-15,-0.495579753561
98042,3.04202210702e-15,-0.387752439993
98043,2.93359065497e-15,-0.415394947922
98044,2.92213131647e-15,-0.439409968349
98045,2.90786309715e-15,-0.465671579738
98046,2.87918202559e-15,-0.498141258248
98047,2.79454981956e-15,-0.527426515813
98048,2.81228866119e-15,-0.547101997164
98049,2.62031700356e-15,-0.594439142622
98057,2.903971437e-15,-0.495462703347
98059,2.90935966525e-15,-0.543170342556
98060,2.95709134726e-15,-0.579664599947
98061,2.97976045573e-15,-0.599760394183
98067,3.13979264076e-15,-0.426526104889
98068,2.77562390319e-15,-0.476796530649
98069,2.75881836784e-15,-0.50641006517
98070,2.6925420672e-15,-0.53074148627
98071,2.55081548769e-15,-0.586614466954
98072,2.63414046627e-15,-0.606951198962
98073,2.6516328053e-15,-0.629237688299
98078,3.06776307074e-15,-0.431740624804
98079,2.98957106279e-15,-0.475336308988
98080,2.89059991139e-15,-0.506808771634
98081,2.79970409386e-15,-0.538682292037
98082,2.66764773866e-15,-0.589499391071
98083,2.81900548633e-15,-0.611029935237
98084,2.78762202681e-15,-0.655186395401
98091,3.67399871815e-15,-0.271288116846
98098,2.91193101528e-15,-0.356701484884
98099,2.86330404227e-15,-0.368614757133
98100,2.80402470077e-15,-0.38387771192
98101,2.80375087024e-15,-0.403146573632
98102,2.79033448424e-15,-0.407004812325
98103,2.73147586621e-15,-0.424175327845
98104,2.71440414205e-15,-0.450686285835
98105,2.73269456058e-15,-0.467146898228
98106,2.76712010729e-15,-0.502091675967
98107,2.79441299116e-15,-0.517291716938
98108,2.80751180206e-15,-0.538306692939
98109,2.73389686858e-15,-0.566536252911
98111,3.09579112691e-15,-0.388221180339
98114,2.8844671037e-15,-0.441222470389
98115,2.96869128964e-15,-0.459578014568
98116,2.96724173334e-15,-0.483005721951
98117,2.92928190257e-15,-0.519514162262
98118,2.9610348607e-15,-0.534226965686
98119,2.88339444467e-15,-0.562242579023
98120,2.90394989335e-15,-0.582338358703
98121,2.8642474534e-15,-0.598261673199
98125,3.39793731093e-15,-0.405228805206
98126,3.29341091904e-15,-0.430159874276
98127,3.28537036504e-15,-0.453768258001
98128,3.09992660811e-15,-0.482306027352
98129,2.96188300134e-15,-0.501146106545
98130,2.95638731999e-15,-0.528063133752
98131,2.93300183435e-15,-0.562820414236
98132,2.96236049529e-15,-0.579694034076
98133,2.95512816986e-15,-0.611509273056
98137,3.22322524699e-15,-0.401183525038
98138,3.06143444846e-15,-0.421399413604
98139,2.8738336498e-15,-0.450711435756
98140,2.81433631252e-15,-0.469373706143
98141,2.68461299811e-15,-0.512644094678
98142,2.68500625197e-15,-0.538126110712
98143,2.6010998066e-15,-0.571758992632
98144,2.5416606118e-15,-0.597890165342
98145,2.48668230852e-15,-0.623755921518
98151,2.9038815474e-15,-0.41445657129
98152,2.87920989753e-15,-0.442221923625
98153,2.85024909485e-15,-0.47322928116
98154,2.76201384455e-15,-0.502528828451
98155,2.7312648623e-15,-0.538844388319
98156,2.74886871785e-15,-0.558840566792
98157,2.47398184607e-15,-0.600753609301
98163,2.92106225683e-15,-0.353588086256
98167,2.03207224031e-15,-0.452011913686
98181,2.11839562162e-15,-0.391007962054
98187,2.18931566959e-15,-0.334988990974
98191,2.09267790761e-15,-0.364562237833
98201,2.06406707684e-15,-0.392758848416
98203,2.03080818351e-15,-0.425054058412
98204,2.01553745791e-15,-0.452699175883
98205,2.00254668914e-15,-0.481169709992
98211,2.16427580163e-15,-0.379391038913
98214,2.02583823815e-15,-0.446895967907
98215,1.99556936604e-15,-0.482595274719
98216,2.01096487189e-15,-0.499278744177
98217,1.93516092262e-15,-0.53691968075
98222,2.14587424573e-15,-0.393146852174
98224,2.01406224373e-15,-0.441445557255
98225,1.97511846206e-15,-0.458517084665
98226,1.94637894538e-15,-0.494786502495
98227,1.89657901533e-15,-0.520105655552
98228,1.8373109211e-15,-0.552612259024
98229,1.78420115229e-15,-0.584560155249
98234,2.11229204777e-15,-0.369574457527
98235,2.12136830266e-15,-0.384877149909
98236,2.12509727038e-15,-0.402767923675
98237,2.10392930929e-15,-0.430930212088
98238,2.09632722097e-15,-0.455590866803
98239,2.00461290505e-15,-0.495455067648
98240,2.01048579442e-15,-0.517324763994
98241,1.94873796411e-15,-0.549101841782
98247,2.18262458109e-15,-0.444751042553
98248,2.1229434402e-15,-0.469073365192
98249,1.98839360693e-15,-0.505078410607
98250,1.89868287975e-15,-0.550653845314
98251,1.80838419201e-15,-0.5754977981
98252,1.79619879071e-15,-0.61202842005
98253,1.7041962257e-15,-0.644124051063
98256,1.96007529767e-15,-0.450698127526
98257,1.87834168907e-15,-0.488285647145
98258,1.85559614518e-15,-0.52452559752
98259,1.79525302835e-15,-0.558640250639
98260,1.76842942353e-15,-0.603266005036
98261,1.72991772808e-15,-0.629541067365
98262,1.73464797186e-15,-0.657575318021
98263,1.70525720789e-15,-0.67985838788
98264,1.73315081944e-15,-0.691609846342
98265,1.70463168731e-15,-0.714370834449
98277,2.0091015463e-15,-0.494897138631
98283,2.20255605066e-15,-0.374845918674
98287,2.01607010379e-15,-0.438320803731
98288,1.91920423552e-15,-0.458524653278
98289,1.88022039949e-15,-0.477152217317
98290,2.39783185517e-15,-0.238296527281
98302,1.66911576793e-15,-0.395050961634
98304,1.58957196962e-15,-0.452456804496
98305,1.56551106578e-15,-0.466154227288
98306,1.46200999239e-15,-0.504484486993
98307,1.42931465174e-15,-0.527048343931
98308,1.43482812134e-15,-0.549334665505
98309,1.42256762714e-15,-0.58618944238
98310,1.43889103497e-15,-0.602046324757
98311,1.44591687011e-15,-0.626269282355
98312,1.41336962025e-15,-0.654463631883
98313,1.43027760643e-15,-0.671528259785
98315,1.91606916064e-15,-0.215361211439
98331,1.43443224467e-15,-0.334398756043
98336,1.23383586046e-15,-0.427925908123
98337,1.21443668336e-15,-0.462778467437
98346,1.30314748796e-15,-0.418308349082
98347,1.27018701927e-15,-0.439468869084
98348,1.20804212702e-15,-0.482471584594
98349,1.17029081055e-15,-0.512626058631
98356,1.32572005883e-15,-0.402091064739
98358,1.2414384418e-15,-0.47332086859
98359,1.23246710931e-15,-0.503827877699
98360,1.21164515522e-15,-0.546043143232
98361,1.16751003385e-15,-0.585823239409
98365,1.35808552423e-15,-0.39457254709
98366,1.24389493474e-15,-0.431332528528
98367,1.2063594333e-15,-0.457364120582
98368,1.1707812547e-15,-0.507209663411
98369,1.15248779759e-15,-0.548420448563
98370,1.14646649904e-15,-0.581572036225
98371,1.15967773409e-15,-0.626325821826
98372,1.13442303343e-15,-0.653605247268
98373,1.13641713642e-15,-0.683987678684
98377,1.38245588559e-15,-0.38781567016
98378,1.31954334236e-15,-0.403722172257
98379,1.32869251983e-15,-0.418309789809
98382,1.22761327442e-15,-0.481954970719
98383,1.22797292675e-15,-0.505770323765
98385,1.20302972667e-15,-0.551605759356
98396,1.29284576437e-15,-0.414081393766
98397,1.26355472752e-15,-0.432844456921
98403,1.28008952572e-15,-0.345768325939
98407,1.20258410521e-15,-0.404927125455
98408,1.21409321091e-15,-0.417422923467
98409,1.20389672496e-15,-0.445305470308
98418,1.26303344885e-15,-0.4015576868
98419,1.21591638074e-15,-0.431517654838
98420,1.18433105288e-15,-0.4539363455
98427,1.31259503116e-15,-0.332916206514
98433,1.14916156781e-15,-0.432465954985
98442,1.18799065985e-15,-0.42486401437
98443,1.16026314347e-15,-0.444696533791
98444,1.10553588778e-15,-0.486647398209
98445,1.07174362871e-15,-0.516397522358
98450,1.14887986449e-15,-0.442064519628
98451,1.13350910849e-15,-0.475996425138
98452,1.09841903159e-15,-0.505467297554
98453,1.05454663082e-15,-0.545845446909
98454,1.02360021846e-15,-0.577881883783
98455,1.03294656811e-15,-0.59622286154
98456,9.69497018175e-16,-0.639658628602
98457,9.75082987323e-16,-0.664270493804
98459,1.19123907924e-15,-0.40297346753
98460,1.18995942788e-15,-0.423987904216
98461,1.15149491903e-15,-0.472597454953
98462,1.097068792e-15,-0.493642810369
98463,1.05389313544e-15,-0.532497898763
98464,1.03835232846e-15,-0.574827321575
98465,1.0377439189e-15,-0.604242313421
98466,9.99791272643e-16,-0.648439334198
98467,1.01228866355e-15,-0.664650317553
98468,1.01782461718e-15,-0.690613220582
98469,1.02935466167e-15,-0.709497175833
98471,1.40656690463e-15,-0.189499489834
98473,1.33129359763e-15,-0.219256831597
98474,1.31881272015e-15,-0.22336789719
98475,1.30567610907e-15,-0.227817804516
98477,1.22815159009e-15,-0.266262059029
98491,8.91969079641e-16,-0.425343238437
98492,8.73850957711e-16,-0.442622807498
98493,8.76496404947e-16,-0.462074005093
98499,9.75273441207e-16,-0.381030556544
98501,9.37272063957e-16,-0.410724148743
98502,9.06517824358e-16,-0.437677921004
98503,8.83589297356e-16,-0.459818268961
98505,8.73666175364e-16,-0.516128045258
98514,9.76816800951e-16,-0.420059680584
98515,9.56212071556e-16,-0.437780948359
98516,9.34080991384e-16,-0.458045418038
98523,1.05631424612e-15,-0.338166343786
98540,9.07770055256e-16,-0.433275627976
98541,8.7594491367e-16,-0.463655696422
98546,9.09391638401e-16,-0.451430399739
98547,9.28485310497e-16,-0.477616889724
98548,9.20324795073e-16,-0.5098933436
98549,8.81588468249e-16,-0.552816005922
98550,8.73194437423e-16,-0.590984064144
98551,8.96559210456e-16,-0.618455589
98552,9.02469146657e-16,-0.641224901213
98553,9.24413953056e-16,-0.674162820943
98559,1.13005994769e-15,-0.407921175641
98560,1.09364200016e-15,-0.434212970165
98561,1.05775687203e-15,-0.462708196332
98562,1.0086910015e-15,-0.505635226265
98564,9.32349641522e-16,-0.582171808365
98565,9.03987638267e-16,-0.617591050222
98571,1.12738028657e-15,-0.343233463556
98576,1.04370753093e-15,-0.394182180803
98577,1.06144240499e-15,-0.400495254792
98584,1.02018712401e-15,-0.431627503114
98585,9.93387286477e-16,-0.454304807477
98586,9.97267705565e-16,-0.473470791542
98587,9.79055883208e-16,-0.490763572405
98588,9.45878891853e-16,-0.524024306707
98589,9.48973319868e-16,-0.546796847379
98595,1.08705635176e-15,-0.387670421091
98598,1.05956146943e-15,-0.426664613837
98599,1.03472799749e-15,-0.446664517611
98600,9.95925697583e-16,-0.480164356432
98608,1.03424549493e-15,-0.443214208691
98611,9.74756178865e-16,-0.51636186618
98612,9.64285165225e-16,-0.553273671457
98613,9.70217779035e-16,-0.574129495401
98619,1.11309750665e-15,-0.405030417459
98623,1.00428787734e-15,-0.484217028372
98624,1.01154542645e-15,-0.525640281971
98625,1.02043596243e-15,-0.542682525488
98633,1.10379481815e-15,-0.454019648033
98635,1.08697919396e-15,-0.490554041585
98636,1.07551496028e-15,-0.525429367979
98637,1.08428502856e-15,-0.543131822272
98643,1.21855001061e-15,-0.408621831912
98646,1.15643251983e-15,-0.470713196215
98647,1.14480043492e-15,-0.503718281652
98648,1.10734846756e-15,-0.536676411409
98649,1.07031068923e-15,-0.572577128383
98659,1.18481511892e-15,-0.450065752574
98661,1.14131018877e-15,-0.505620743907
98667,1.32900221591e-15,-0.364599958302
98674,1.27033922748e-15,-0.415017296286
98676,1.24391517909e-15,-0.45303352909
98677,1.25764197745e-15,-0.465686613984
98678,1.23307865758e-15,-0.483877497343
98679,1.2334399111e-15,-0.507787850239
98681,1.1958585388e-15,-0.538731172363
98683,1.18458897347e-15,-0.575821550929
98684,1.16573272321e-15,-0.594153369836
98691,1.32778550949e-15,-0.399254818148
98693,1.27332555695e-15,-0.43200618995
98694,1.29235083139e-15,-0.440696939474
98707,1.31115554563e-15,-0.427871969946
98709,1.25622529865e-15,-0.463722961178
98715,1.29118860042e-15,-0.437910257284
98719,1.22700744831e-15,-0.503340207836
98720,1.24006836744e-15,-0.517791577084
98728,1.23455829803e-15,-0.522393045201
98731,1.15028522671e-15,-0.619831591718
98732,1.13405317444e-15,-0.637324885664
98739,1.26645166761e-15,-0.520378258695
98741,1.20374746883e-15,-0.571907902671
98743,1.14203190036e-15,-0.630550802847
98745,1.15641882567e-15,-0.677718958607
98753,1.2847655049e-15,-0.493397933244
98760,1.34570091011e-15,-0.412715266963
98761,1.28971764959e-15,-0.426418703562
98763,1.25268864676e-15,-0.450904465055
98787,1.23128039352e-15,-0.466316238763
98811,1.20831412837e-15,-0.483712020326
98816,1.15686637837e-15,-0.597459925106
98819,1.30525934595e-15,-0.44418578221
98825,1.09863577175e-15,-0.584815694898
98835,1.29293551615e-15,-0.348719202446
98850,7.88766422793e-16,-0.638115274945
98859,8.93408921364e-16,-0.468802852872
98883,8.54060540159e-16,-0.51009779167
98907,9.52144055318e-16,-0.418439594729
98931,9.24063244311e-16,-0.484964952173
98955,9.59708262036e-16,-0.44755066387
98979,1.05089929123e-15,-0.384876088481
99003,1.0753244896e-15,-0.366985364055
99027,1.02817403102e-15,-0.417517528442
99051,9.43831630042e-16,-0.486016497952
99075,1.01489551547e-15,-0.412829247967
99099,8.95268671018e-16,-0.510150517947
99123,8.21828662849e-16,-0.593847087298
99147,9.2568083958e-16,-0.443761514844
99171,8.69724156015e-16,-0.497411588611
99195,9.88122151473e-16,-0.361983511556
99219,6.40638961292e-16,-0.616573868023
99243,7.35420995116e-16,-0.434130623872
99267,7.14593642715e-16,-0.458720053739
99291,7.08033896386e-16,-0.467141867226
99315,7.7731611945e-16,-0.399077837353
99339,7.50899516953e-16,-0.446156550978
